Dataset,Image Size,Models,Fusion Method,Projection Dim,Epochs,Val Accuracy,Val AUC-ROC,Test Accuracy,Test AUC-ROC,XGBoost Train Time,XGBoost Val Inference Time
chestmnist,224,BioMedCLIP,concat,0,1,0.9492,0.7625,0.9477,0.7609,124.47,2.97
chestmnist,224,PubMedCLIP,concat,0,1,0.9491,0.7274,0.9473,0.7257,125.23,3.11
chestmnist,224,CONCH,concat,0,1,0.9488,0.7067,0.9473,0.7057,127.15,2.91
chestmnist,224,rad-dino,concat,0,1,0.9498,0.8197,0.9480,0.8108,197.58,4.42
chestmnist,224,UNI,concat,0,1,0.9491,0.7514,0.9474,0.7503,257.24,5.31
chestmnist,224,Prov-GigaPath,concat,0,1,0.9492,0.7572,0.9477,0.7482,387.47,8.62
chestmnist,224,Hibou-B,concat,0,1,0.9489,0.7232,0.9474,0.7239,193.57,4.33
chestmnist,224,CheXagent,concat,0,1,0.9500,0.8267,0.9488,0.8292,353.87,7.02
chestmnist,224,UNI2,concat,0,1,0.9488,0.7560,0.9475,0.7529,388.38,8.66
chestmnist,224,"BioMedCLIP,PubMedCLIP",concat,0,1,0.9492,0.7707,0.9477,0.7702,259.03,5.94
chestmnist,224,"BioMedCLIP,CONCH",concat,0,1,0.9492,0.7686,0.9477,0.7663,255.11,5.39
chestmnist,224,"BioMedCLIP,rad-dino",concat,0,1,0.9499,0.8273,0.9483,0.8186,321.03,6.45
chestmnist,224,"BioMedCLIP,UNI",concat,0,1,0.9491,0.7808,0.9479,0.7816,384.52,7.95
chestmnist,224,"BioMedCLIP,Prov-GigaPath",concat,0,1,0.9492,0.7885,0.9480,0.7805,516.90,10.60
chestmnist,224,"BioMedCLIP,Hibou-B",concat,0,1,0.9491,0.7727,0.9477,0.7691,313.66,6.45
chestmnist,224,"BioMedCLIP,CheXagent",concat,0,1,0.9501,0.8264,0.9487,0.8291,480.62,9.91
chestmnist,224,"BioMedCLIP,UNI2",concat,0,1,0.9489,0.7862,0.9479,0.7817,511.27,10.90
chestmnist,224,"PubMedCLIP,CONCH",concat,0,1,0.9490,0.7399,0.9475,0.7334,257.85,5.55
chestmnist,224,"PubMedCLIP,rad-dino",concat,0,1,0.9500,0.8229,0.9481,0.8168,316.30,6.76
chestmnist,224,"PubMedCLIP,UNI",concat,0,1,0.9491,0.7570,0.9475,0.7583,385.42,7.98
chestmnist,224,"PubMedCLIP,Prov-GigaPath",concat,0,1,0.9490,0.7619,0.9476,0.7569,517.00,10.02
chestmnist,224,"PubMedCLIP,Hibou-B",concat,0,1,0.9492,0.7412,0.9473,0.7407,316.34,6.46
chestmnist,224,"PubMedCLIP,CheXagent",concat,0,1,0.9501,0.8269,0.9488,0.8259,478.85,9.24
chestmnist,224,"PubMedCLIP,UNI2",concat,0,1,0.9492,0.7649,0.9474,0.7600,510.78,11.25
chestmnist,224,"CONCH,rad-dino",concat,0,1,0.9498,0.8197,0.9480,0.8142,319.01,6.59
chestmnist,224,"CONCH,UNI",concat,0,1,0.9490,0.7521,0.9475,0.7520,383.22,7.70
chestmnist,224,"CONCH,Prov-GigaPath",concat,0,1,0.9490,0.7642,0.9475,0.7556,514.48,11.31
chestmnist,224,"CONCH,Hibou-B",concat,0,1,0.9488,0.7294,0.9475,0.7313,319.05,7.08
chestmnist,224,"CONCH,CheXagent",concat,0,1,0.9500,0.8260,0.9485,0.8249,477.08,10.22
chestmnist,224,"CONCH,UNI2",concat,0,1,0.9487,0.7595,0.9474,0.7562,511.65,10.15
chestmnist,224,"rad-dino,UNI",concat,0,1,0.9498,0.8254,0.9482,0.8154,446.22,8.73
chestmnist,224,"rad-dino,Prov-GigaPath",concat,0,1,0.9501,0.8221,0.9483,0.8142,582.49,12.59
chestmnist,224,"rad-dino,Hibou-B",concat,0,1,0.9499,0.8242,0.9479,0.8159,374.09,8.59
chestmnist,224,"rad-dino,CheXagent",concat,0,1,0.9503,0.8381,0.9491,0.8354,534.34,12.02
chestmnist,224,"rad-dino,UNI2",concat,0,1,0.9498,0.8274,0.9481,0.8161,567.36,12.44
chestmnist,224,"UNI,Prov-GigaPath",concat,0,1,0.9493,0.7671,0.9476,0.7681,633.99,13.30
chestmnist,224,"UNI,Hibou-B",concat,0,1,0.9491,0.7526,0.9475,0.7555,436.57,10.00
chestmnist,224,"UNI,CheXagent",concat,0,1,0.9505,0.8296,0.9486,0.8280,595.68,13.29
chestmnist,224,"UNI,UNI2",concat,0,1,0.9489,0.7656,0.9476,0.7631,631.10,13.61
chestmnist,224,"Prov-GigaPath,Hibou-B",concat,0,1,0.9493,0.7574,0.9476,0.7571,566.04,12.56
chestmnist,224,"Prov-GigaPath,CheXagent",concat,0,1,0.9500,0.8256,0.9485,0.8256,724.36,15.31
chestmnist,224,"Prov-GigaPath,UNI2",concat,0,1,0.9494,0.7698,0.9476,0.7680,758.08,16.31
chestmnist,224,"Hibou-B,CheXagent",concat,0,1,0.9503,0.8263,0.9485,0.8273,530.06,12.07
chestmnist,224,"Hibou-B,UNI2",concat,0,1,0.9492,0.7558,0.9475,0.7568,565.14,12.55
chestmnist,224,"CheXagent,UNI2",concat,0,1,0.9502,0.8261,0.9487,0.8250,722.01,15.41
chestmnist,224,"BioMedCLIP,PubMedCLIP,CONCH",concat,0,1,0.9495,0.7752,0.9477,0.7696,371.19,8.63
chestmnist,224,"BioMedCLIP,PubMedCLIP,rad-dino",concat,0,1,0.9500,0.8283,0.9481,0.8206,436.96,9.97
chestmnist,224,"BioMedCLIP,PubMedCLIP,UNI",concat,0,1,0.9492,0.7830,0.9478,0.7811,497.64,11.51
chestmnist,224,"BioMedCLIP,PubMedCLIP,Prov-GigaPath",concat,0,1,0.9495,0.7851,0.9478,0.7821,628.47,13.80
chestmnist,224,"BioMedCLIP,PubMedCLIP,CheXagent",concat,0,1,0.9500,0.8258,0.9487,0.8277,593.61,12.97
chestmnist,224,"BioMedCLIP,PubMedCLIP,UNI2",concat,0,1,0.9492,0.7890,0.9479,0.7830,631.12,12.14
chestmnist,224,"BioMedCLIP,CONCH,rad-dino",concat,0,1,0.9503,0.8263,0.9484,0.8188,442.94,10.00
chestmnist,224,"BioMedCLIP,CONCH,UNI",concat,0,1,0.9492,0.7784,0.9479,0.7806,504.18,10.21
chestmnist,224,"BioMedCLIP,CONCH,Prov-GigaPath",concat,0,1,0.9494,0.7890,0.9480,0.7837,635.59,12.84
chestmnist,224,"BioMedCLIP,CONCH,Hibou-B",concat,0,1,0.9493,0.7743,0.9477,0.7743,439.63,9.39
chestmnist,224,"BioMedCLIP,CONCH,CheXagent",concat,0,1,0.9501,0.8268,0.9487,0.8265,601.51,11.82
chestmnist,224,"BioMedCLIP,CONCH,UNI2",concat,0,1,0.9490,0.7875,0.9478,0.7843,634.76,12.47
chestmnist,224,"BioMedCLIP,rad-dino,UNI",concat,0,1,0.9500,0.8256,0.9482,0.8194,571.66,11.50
chestmnist,224,"BioMedCLIP,rad-dino,Prov-GigaPath",concat,0,1,0.9504,0.8268,0.9481,0.8190,700.49,14.11
chestmnist,224,"BioMedCLIP,rad-dino,Hibou-B",concat,0,1,0.9501,0.8263,0.9482,0.8211,503.91,10.87
chestmnist,224,"BioMedCLIP,rad-dino,CheXagent",concat,0,1,0.9503,0.8407,0.9489,0.8352,667.04,13.00
chestmnist,224,"BioMedCLIP,rad-dino,UNI2",concat,0,1,0.9498,0.8266,0.9483,0.8218,703.14,14.41
chestmnist,224,"BioMedCLIP,UNI,Prov-GigaPath",concat,0,1,0.9497,0.7886,0.9479,0.7885,763.10,14.69
chestmnist,224,"BioMedCLIP,UNI,Hibou-B",concat,0,1,0.9496,0.7809,0.9477,0.7849,569.15,12.19
chestmnist,224,"BioMedCLIP,UNI,CheXagent",concat,0,1,0.9501,0.8264,0.9488,0.8283,727.75,14.75
chestmnist,224,"BioMedCLIP,UNI,UNI2",concat,0,1,0.9493,0.7870,0.9479,0.7874,756.91,14.65
chestmnist,224,"BioMedCLIP,Prov-GigaPath,Hibou-B",concat,0,1,0.9495,0.7872,0.9480,0.7836,701.90,14.74
chestmnist,224,"BioMedCLIP,Prov-GigaPath,CheXagent",concat,0,1,0.9497,0.8291,0.9487,0.8238,854.16,16.44
chestmnist,224,"BioMedCLIP,Prov-GigaPath,UNI2",concat,0,1,0.9492,0.7922,0.9480,0.7893,887.66,16.98
chestmnist,224,"BioMedCLIP,Hibou-B,CheXagent",concat,0,1,0.9503,0.8293,0.9486,0.8257,659.32,13.58
chestmnist,224,"BioMedCLIP,Hibou-B,UNI2",concat,0,1,0.9493,0.7862,0.9478,0.7829,689.47,14.53
chestmnist,224,"BioMedCLIP,CheXagent,UNI2",concat,0,1,0.9500,0.8261,0.9489,0.8273,850.94,16.38
chestmnist,224,"PubMedCLIP,CONCH,rad-dino",concat,0,1,0.9497,0.8233,0.9480,0.8142,439.03,9.74
chestmnist,224,"PubMedCLIP,CONCH,UNI",concat,0,1,0.9490,0.7582,0.9475,0.7561,501.75,10.69
chestmnist,224,"PubMedCLIP,CONCH,Prov-GigaPath",concat,0,1,0.9492,0.7639,0.9476,0.7595,629.90,13.55
chestmnist,224,"PubMedCLIP,CONCH,Hibou-B",concat,0,1,0.9490,0.7394,0.9476,0.7403,436.57,9.61
chestmnist,224,"PubMedCLIP,CONCH,CheXagent",concat,0,1,0.9500,0.8285,0.9486,0.8251,593.46,12.35
chestmnist,224,"PubMedCLIP,CONCH,UNI2",concat,0,1,0.9491,0.7615,0.9475,0.7602,628.90,13.95
chestmnist,224,"PubMedCLIP,rad-dino,UNI",concat,0,1,0.9499,0.8251,0.9480,0.8166,564.94,12.11
chestmnist,224,"PubMedCLIP,rad-dino,Prov-GigaPath",concat,0,1,0.9500,0.8231,0.9481,0.8157,696.46,13.74
chestmnist,224,"PubMedCLIP,rad-dino,Hibou-B",concat,0,1,0.9497,0.8225,0.9480,0.8180,502.67,11.06
chestmnist,224,"PubMedCLIP,rad-dino,CheXagent",concat,0,1,0.9502,0.8379,0.9490,0.8354,662.88,13.85
chestmnist,224,"PubMedCLIP,rad-dino,UNI2",concat,0,1,0.9499,0.8252,0.9481,0.8158,697.27,15.33
chestmnist,224,"PubMedCLIP,UNI,Prov-GigaPath",concat,0,1,0.9493,0.7690,0.9476,0.7688,759.63,15.08
chestmnist,224,"PubMedCLIP,UNI,Hibou-B",concat,0,1,0.9492,0.7594,0.9475,0.7598,565.71,12.55
chestmnist,224,"PubMedCLIP,UNI,CheXagent",concat,0,1,0.9500,0.8268,0.9485,0.8263,723.66,14.99
chestmnist,224,"PubMedCLIP,UNI,UNI2",concat,0,1,0.9493,0.7663,0.9476,0.7643,759.30,15.03
chestmnist,224,"PubMedCLIP,Prov-GigaPath,Hibou-B",concat,0,1,0.9493,0.7644,0.9477,0.7616,694.55,14.40
chestmnist,224,"PubMedCLIP,Prov-GigaPath,CheXagent",concat,0,1,0.9503,0.8249,0.9487,0.8238,856.87,17.80
chestmnist,224,"PubMedCLIP,Prov-GigaPath,UNI2",concat,0,1,0.9491,0.7725,0.9476,0.7681,889.92,16.44
chestmnist,224,"PubMedCLIP,Hibou-B,CheXagent",concat,0,1,0.9498,0.8264,0.9487,0.8268,657.79,14.16
chestmnist,224,"PubMedCLIP,Hibou-B,UNI2",concat,0,1,0.9490,0.7626,0.9476,0.7627,694.72,14.18
chestmnist,224,"PubMedCLIP,CheXagent,UNI2",concat,0,1,0.9502,0.8253,0.9488,0.8257,855.07,18.11
chestmnist,224,"CONCH,rad-dino,UNI",concat,0,1,0.9500,0.8252,0.9483,0.8165,566.82,12.71
chestmnist,224,"CONCH,rad-dino,Prov-GigaPath",concat,0,1,0.9496,0.8231,0.9481,0.8136,696.79,15.37
chestmnist,224,"CONCH,rad-dino,Hibou-B",concat,0,1,0.9498,0.8213,0.9482,0.8148,503.46,10.78
chestmnist,224,"CONCH,rad-dino,CheXagent",concat,0,1,0.9503,0.8368,0.9489,0.8345,660.64,14.00
chestmnist,224,"CONCH,rad-dino,UNI2",concat,0,1,0.9497,0.8243,0.9482,0.8156,696.21,14.96
chestmnist,224,"CONCH,UNI,Prov-GigaPath",concat,0,1,0.9493,0.7682,0.9477,0.7688,760.63,16.85
chestmnist,224,"CONCH,UNI,Hibou-B",concat,0,1,0.9491,0.7540,0.9477,0.7567,564.50,12.48
chestmnist,224,"CONCH,UNI,CheXagent",concat,0,1,0.9501,0.8287,0.9485,0.8265,723.53,15.26
chestmnist,224,"CONCH,UNI,UNI2",concat,0,1,0.9491,0.7652,0.9476,0.7631,760.15,17.60
chestmnist,224,"CONCH,Prov-GigaPath,Hibou-B",concat,0,1,0.9491,0.7642,0.9476,0.7583,693.31,14.99
chestmnist,224,"CONCH,Prov-GigaPath,CheXagent",concat,0,1,0.9499,0.8265,0.9488,0.8253,857.70,16.06
chestmnist,224,"CONCH,Prov-GigaPath,UNI2",concat,0,1,0.9490,0.7726,0.9475,0.7710,889.25,19.65
chestmnist,224,"CONCH,Hibou-B,CheXagent",concat,0,1,0.9502,0.8262,0.9485,0.8277,659.12,14.55
chestmnist,224,"CONCH,Hibou-B,UNI2",concat,0,1,0.9492,0.7566,0.9474,0.7577,691.97,14.01
chestmnist,224,"CONCH,CheXagent,UNI2",concat,0,1,0.9500,0.8254,0.9487,0.8263,858.07,18.97
chestmnist,224,"rad-dino,UNI,Prov-GigaPath",concat,0,1,0.9499,0.8213,0.9482,0.8153,828.52,15.78
chestmnist,224,"rad-dino,UNI,Hibou-B",concat,0,1,0.9498,0.8239,0.9481,0.8155,633.04,13.91
chestmnist,224,"rad-dino,UNI,CheXagent",concat,0,1,0.9504,0.8387,0.9489,0.8343,792.27,17.51
chestmnist,224,"rad-dino,UNI,UNI2",concat,0,1,0.9498,0.8244,0.9481,0.8176,830.86,15.96
chestmnist,224,"rad-dino,Prov-GigaPath,Hibou-B",concat,0,1,0.9500,0.8269,0.9483,0.8135,759.15,15.55
chestmnist,224,"rad-dino,Prov-GigaPath,CheXagent",concat,0,1,0.9502,0.8375,0.9490,0.8312,930.40,17.39
chestmnist,224,"rad-dino,Prov-GigaPath,UNI2",concat,0,1,0.9500,0.8255,0.9482,0.8161,958.57,19.99
chestmnist,224,"rad-dino,Hibou-B,CheXagent",concat,0,1,0.9502,0.8397,0.9489,0.8351,727.66,15.03
chestmnist,224,"BioMedCLIP,PubMedCLIP,Hibou-B",concat,0,1,0.9494,0.7769,0.0000,0.0000,441.40,8.79
chestmnist,224,"rad-dino,Hibou-B,UNI2",concat,0,1,0.9498,0.8228,0.0000,0.0000,774.74,14.14
chestmnist,224,"rad-dino,CheXagent,UNI2",concat,0,1,0.9501,0.8362,0.0000,0.0000,927.93,20.05
chestmnist,224,"UNI,Prov-GigaPath,Hibou-B",concat,0,1,0.9493,0.7690,0.0000,0.0000,831.34,15.58
chestmnist,224,"UNI,Prov-GigaPath,CheXagent",concat,0,1,0.9501,0.8249,0.0000,0.0000,985.13,20.42
chestmnist,224,"UNI,Prov-GigaPath,UNI2",concat,0,1,0.9492,0.7769,0.0000,0.0000,1014.20,20.02
chestmnist,224,"UNI,Hibou-B,CheXagent",concat,0,1,0.9501,0.8256,0.0000,0.0000,783.09,16.02
chestmnist,224,"UNI,Hibou-B,UNI2",concat,0,1,0.9490,0.7668,0.0000,0.0000,820.37,15.00
chestmnist,224,"UNI,CheXagent,UNI2",concat,0,1,0.9502,0.8272,0.0000,0.0000,982.31,18.90
chestmnist,224,"Prov-GigaPath,Hibou-B,CheXagent",concat,0,1,0.9500,0.8261,0.0000,0.0000,918.43,16.80
chestmnist,224,"Prov-GigaPath,Hibou-B,UNI2",concat,0,1,0.9493,0.7721,0.0000,0.0000,952.93,17.78
chestmnist,224,"Prov-GigaPath,CheXagent,UNI2",concat,0,1,0.9499,0.8256,0.0000,0.0000,1114.41,22.29
chestmnist,224,"Hibou-B,CheXagent,UNI2",concat,0,1,0.9503,0.8262,0.0000,0.0000,909.43,17.12
chestmnist,224,"BioMedCLIP,PubMedCLIP,CONCH,rad-dino",concat,0,1,0.9501,0.8279,0.0000,0.0000,575.59,11.98
chestmnist,224,"BioMedCLIP,PubMedCLIP,CONCH,UNI",concat,0,1,0.9495,0.7793,0.0000,0.0000,627.07,13.37
chestmnist,224,"BioMedCLIP,PubMedCLIP,CONCH,Prov-GigaPath",concat,0,1,0.9494,0.7894,0.0000,0.0000,752.34,13.84
chestmnist,224,"BioMedCLIP,PubMedCLIP,CONCH,Hibou-B",concat,0,1,0.9493,0.7790,0.0000,0.0000,571.87,12.07
chestmnist,224,"BioMedCLIP,PubMedCLIP,CONCH,CheXagent",concat,0,1,0.9498,0.8272,0.0000,0.0000,719.78,13.52
chestmnist,224,"BioMedCLIP,PubMedCLIP,CONCH,UNI2",concat,0,1,0.9492,0.7903,0.0000,0.0000,753.85,14.02
chestmnist,224,"BioMedCLIP,PubMedCLIP,rad-dino,UNI",concat,0,1,0.9501,0.8268,0.0000,0.0000,691.89,14.21
chestmnist,224,"BioMedCLIP,PubMedCLIP,rad-dino,Prov-GigaPath",concat,0,1,0.9503,0.8268,0.0000,0.0000,819.68,14.86
chestmnist,224,"BioMedCLIP,PubMedCLIP,rad-dino,Hibou-B",concat,0,1,0.9500,0.8255,0.0000,0.0000,627.39,13.85
chestmnist,224,"BioMedCLIP,PubMedCLIP,rad-dino,CheXagent",concat,0,1,0.9502,0.8365,0.0000,0.0000,784.13,15.42
chestmnist,224,"BioMedCLIP,PubMedCLIP,rad-dino,UNI2",concat,0,1,0.9503,0.8275,0.0000,0.0000,817.99,14.79
chestmnist,224,"BioMedCLIP,PubMedCLIP,UNI,Prov-GigaPath",concat,0,1,0.9494,0.7922,0.0000,0.0000,885.43,16.34
chestmnist,224,"BioMedCLIP,PubMedCLIP,UNI,Hibou-B",concat,0,1,0.9496,0.7823,0.0000,0.0000,707.46,13.47
chestmnist,224,"BioMedCLIP,PubMedCLIP,UNI,CheXagent",concat,0,1,0.9501,0.8275,0.0000,0.0000,868.65,16.07
chestmnist,224,"BioMedCLIP,PubMedCLIP,UNI,UNI2",concat,0,1,0.9490,0.7897,0.0000,0.0000,901.25,16.41
chestmnist,224,"BioMedCLIP,PubMedCLIP,Prov-GigaPath,Hibou-B",concat,0,1,0.9493,0.7906,0.0000,0.0000,836.14,15.45
chestmnist,224,"BioMedCLIP,PubMedCLIP,Prov-GigaPath,CheXagent",concat,0,1,0.9500,0.8239,0.0000,0.0000,998.34,17.98
chestmnist,224,"BioMedCLIP,PubMedCLIP,Prov-GigaPath,UNI2",concat,0,1,0.9494,0.7948,0.0000,0.0000,1041.39,18.53
chestmnist,224,"BioMedCLIP,PubMedCLIP,Hibou-B,CheXagent",concat,0,1,0.9500,0.8253,0.0000,0.0000,799.44,14.57
chestmnist,224,"BioMedCLIP,PubMedCLIP,Hibou-B,UNI2",concat,0,1,0.9493,0.7861,0.0000,0.0000,827.21,15.19
chestmnist,224,"BioMedCLIP,PubMedCLIP,CheXagent,UNI2",concat,0,1,0.9500,0.8275,0.0000,0.0000,969.24,17.76
chestmnist,224,"BioMedCLIP,CONCH,rad-dino,UNI",concat,0,1,0.9500,0.8301,0.0000,0.0000,688.99,13.69
chestmnist,224,"BioMedCLIP,CONCH,rad-dino,Prov-GigaPath",concat,0,1,0.9500,0.8248,0.0000,0.0000,816.50,14.85
chestmnist,224,"BioMedCLIP,CONCH,rad-dino,Hibou-B",concat,0,1,0.9501,0.8234,0.0000,0.0000,634.81,12.60
chestmnist,224,"BioMedCLIP,CONCH,rad-dino,CheXagent",concat,0,1,0.9506,0.8376,0.0000,0.0000,795.12,14.83
chestmnist,224,"BioMedCLIP,CONCH,rad-dino,UNI2",concat,0,1,0.9500,0.8266,0.0000,0.0000,832.09,15.99
chestmnist,224,"BioMedCLIP,CONCH,UNI,Prov-GigaPath",concat,0,1,0.9496,0.7915,0.0000,0.0000,892.71,16.40
chestmnist,224,"BioMedCLIP,CONCH,UNI,Hibou-B",concat,0,1,0.9495,0.7810,0.0000,0.0000,698.45,13.30
chestmnist,224,"BioMedCLIP,CONCH,UNI,CheXagent",concat,0,1,0.9501,0.8274,0.0000,0.0000,856.00,15.98
chestmnist,224,"BioMedCLIP,CONCH,UNI,UNI2",concat,0,1,0.9494,0.7889,0.0000,0.0000,890.68,16.73
chestmnist,224,"BioMedCLIP,CONCH,Prov-GigaPath,Hibou-B",concat,0,1,0.9493,0.7882,0.0000,0.0000,827.88,15.27
chestmnist,224,"BioMedCLIP,CONCH,Prov-GigaPath,CheXagent",concat,0,1,0.9498,0.8268,0.0000,0.0000,990.26,18.07
chestmnist,224,"BioMedCLIP,CONCH,Prov-GigaPath,UNI2",concat,0,1,0.9494,0.7944,0.0000,0.0000,1033.80,18.88
chestmnist,224,"BioMedCLIP,CONCH,Hibou-B,CheXagent",concat,0,1,0.9502,0.8279,0.0000,0.0000,791.07,15.25
chestmnist,224,"BioMedCLIP,CONCH,Hibou-B,UNI2",concat,0,1,0.9494,0.7860,0.0000,0.0000,826.20,15.56
chestmnist,224,"BioMedCLIP,CONCH,CheXagent,UNI2",concat,0,1,0.9501,0.8276,0.0000,0.0000,986.57,17.67
chestmnist,224,"BioMedCLIP,rad-dino,UNI,Prov-GigaPath",concat,0,1,0.9502,0.8287,0.0000,0.0000,942.19,17.22
chestmnist,224,"BioMedCLIP,rad-dino,UNI,Hibou-B",concat,0,1,0.9500,0.8276,0.0000,0.0000,754.00,14.92
chestmnist,224,"BioMedCLIP,rad-dino,UNI,CheXagent",concat,0,1,0.9505,0.8368,0.0000,0.0000,918.48,16.53
chestmnist,224,"BioMedCLIP,rad-dino,UNI,UNI2",concat,0,1,0.9500,0.8281,0.0000,0.0000,953.99,17.24
chestmnist,224,"BioMedCLIP,rad-dino,Prov-GigaPath,Hibou-B",concat,0,1,0.9502,0.8279,0.0000,0.0000,889.08,16.26
chestmnist,224,"BioMedCLIP,rad-dino,Prov-GigaPath,CheXagent",concat,0,1,0.9504,0.8379,0.0000,0.0000,1061.70,19.46
chestmnist,224,"BioMedCLIP,rad-dino,Prov-GigaPath,UNI2",concat,0,1,0.9501,0.8276,0.0000,0.0000,1094.19,20.22
chestmnist,224,"BioMedCLIP,rad-dino,Hibou-B,CheXagent",concat,0,1,0.9506,0.8406,0.0000,0.0000,865.11,16.10
chestmnist,224,"BioMedCLIP,rad-dino,Hibou-B,UNI2",concat,0,1,0.9501,0.8268,0.0000,0.0000,898.83,16.50
chestmnist,224,"BioMedCLIP,rad-dino,CheXagent,UNI2",concat,0,1,0.9504,0.8379,0.0000,0.0000,1054.28,19.24
chestmnist,224,"BioMedCLIP,UNI,Prov-GigaPath,Hibou-B",concat,0,1,0.9496,0.7920,0.0000,0.0000,967.47,17.84
chestmnist,224,"BioMedCLIP,UNI,Prov-GigaPath,CheXagent",concat,0,1,0.9501,0.8277,0.0000,0.0000,1120.91,20.58
chestmnist,224,"BioMedCLIP,UNI,Prov-GigaPath,UNI2",concat,0,1,0.9495,0.7931,0.0000,0.0000,1155.93,20.85
chestmnist,224,"BioMedCLIP,UNI,Hibou-B,CheXagent",concat,0,1,0.9502,0.8250,0.0000,0.0000,930.31,17.29
chestmnist,224,"BioMedCLIP,UNI,Hibou-B,UNI2",concat,0,1,0.9493,0.7888,0.0000,0.0000,963.52,17.83
chestmnist,224,"BioMedCLIP,UNI,CheXagent,UNI2",concat,0,1,0.9503,0.8241,0.0000,0.0000,1116.29,20.47
chestmnist,224,"BioMedCLIP,Prov-GigaPath,Hibou-B,CheXagent",concat,0,1,0.9501,0.8257,0.0000,0.0000,1051.02,19.56
chestmnist,224,"BioMedCLIP,Prov-GigaPath,Hibou-B,UNI2",concat,0,1,0.9494,0.7948,0.0000,0.0000,1087.78,19.55
chestmnist,224,"BioMedCLIP,Prov-GigaPath,CheXagent,UNI2",concat,0,1,0.9503,0.8285,0.0000,0.0000,1246.14,22.70
chestmnist,224,"BioMedCLIP,Hibou-B,CheXagent,UNI2",concat,0,1,0.9501,0.8259,0.0000,0.0000,1041.40,18.95
chestmnist,224,"PubMedCLIP,CONCH,rad-dino,UNI",concat,0,1,0.9501,0.8272,0.0000,0.0000,694.97,15.16
chestmnist,224,"PubMedCLIP,CONCH,rad-dino,Prov-GigaPath",concat,0,1,0.9502,0.8237,0.0000,0.0000,825.16,14.95
chestmnist,224,"PubMedCLIP,CONCH,rad-dino,Hibou-B",concat,0,1,0.9500,0.8211,0.0000,0.0000,634.42,13.45
chestmnist,224,"PubMedCLIP,CONCH,rad-dino,CheXagent",concat,0,1,0.9503,0.8380,0.0000,0.0000,789.30,15.06
chestmnist,224,"PubMedCLIP,CONCH,rad-dino,UNI2",concat,0,1,0.9495,0.8204,0.0000,0.0000,824.02,15.08
chestmnist,224,"PubMedCLIP,CONCH,UNI,Prov-GigaPath",concat,0,1,0.9493,0.7698,0.0000,0.0000,890.13,16.00
chestmnist,224,"PubMedCLIP,CONCH,UNI,Hibou-B",concat,0,1,0.9490,0.7597,0.0000,0.0000,694.74,14.60
chestmnist,224,"PubMedCLIP,CONCH,UNI,CheXagent",concat,0,1,0.9499,0.8259,0.0000,0.0000,850.52,15.54
chestmnist,224,"PubMedCLIP,CONCH,UNI,UNI2",concat,0,1,0.9492,0.7701,0.0000,0.0000,888.63,18.85
chestmnist,224,"PubMedCLIP,CONCH,Prov-GigaPath,Hibou-B",concat,0,1,0.9491,0.7628,0.0000,0.0000,824.37,14.91
chestmnist,224,"PubMedCLIP,CONCH,Prov-GigaPath,CheXagent",concat,0,1,0.9499,0.8258,0.0000,0.0000,976.76,17.88
chestmnist,224,"PubMedCLIP,CONCH,Prov-GigaPath,UNI2",concat,0,1,0.9493,0.7750,0.0000,0.0000,1012.93,18.38
chestmnist,224,"PubMedCLIP,CONCH,Hibou-B,CheXagent",concat,0,1,0.9500,0.8262,0.0000,0.0000,783.15,14.87
chestmnist,224,"PubMedCLIP,CONCH,Hibou-B,UNI2",concat,0,1,0.9491,0.7622,0.0000,0.0000,820.57,15.22
chestmnist,224,"PubMedCLIP,CONCH,CheXagent,UNI2",concat,0,1,0.9503,0.8285,0.0000,0.0000,973.85,17.94
chestmnist,224,"PubMedCLIP,rad-dino,UNI,Prov-GigaPath",concat,0,1,0.9500,0.8284,0.0000,0.0000,948.59,17.06
chestmnist,224,"PubMedCLIP,rad-dino,UNI,Hibou-B",concat,0,1,0.9500,0.8237,0.0000,0.0000,756.86,14.98
chestmnist,224,"PubMedCLIP,rad-dino,UNI,CheXagent",concat,0,1,0.9505,0.8339,0.0000,0.0000,927.96,20.16
chestmnist,224,"PubMedCLIP,rad-dino,UNI,UNI2",concat,0,1,0.9499,0.8230,0.0000,0.0000,954.53,17.35
chestmnist,224,"PubMedCLIP,rad-dino,Prov-GigaPath,Hibou-B",concat,0,1,0.9498,0.8258,0.0000,0.0000,886.35,19.07
chestmnist,224,"PubMedCLIP,rad-dino,UNI,UNI2",concat,0,1,0.9499,0.8230,0.0000,0.0000,961.49,19.78
chestmnist,224,"PubMedCLIP,rad-dino,Prov-GigaPath,Hibou-B",concat,0,1,0.9498,0.8258,0.0000,0.0000,891.55,16.45
chestmnist,224,"PubMedCLIP,rad-dino,Prov-GigaPath,CheXagent",concat,0,1,0.9504,0.8369,0.0000,0.0000,1049.63,22.42
chestmnist,224,"PubMedCLIP,rad-dino,Prov-GigaPath,Hibou-B",concat,0,1,0.9498,0.8258,0.0000,0.0000,894.21,19.39
chestmnist,224,"PubMedCLIP,rad-dino,Prov-GigaPath,CheXagent",concat,0,1,0.9504,0.8369,0.0000,0.0000,1051.81,19.15
chestmnist,224,"PubMedCLIP,rad-dino,Prov-GigaPath,UNI2",concat,0,1,0.9502,0.8253,0.0000,0.0000,1081.95,23.99
chestmnist,224,"PubMedCLIP,rad-dino,Prov-GigaPath,CheXagent",concat,0,1,0.9504,0.8369,0.0000,0.0000,1055.84,21.74
chestmnist,224,"PubMedCLIP,rad-dino,Hibou-B,CheXagent",concat,0,1,0.9505,0.8400,0.0000,0.0000,854.69,19.80
chestmnist,224,"PubMedCLIP,rad-dino,Prov-GigaPath,UNI2",concat,0,1,0.9502,0.8253,0.0000,0.0000,1092.11,19.96
chestmnist,224,"PubMedCLIP,rad-dino,Hibou-B,CheXagent",concat,0,1,0.9505,0.8400,0.0000,0.0000,857.93,15.57
chestmnist,224,"PubMedCLIP,rad-dino,Hibou-B,CheXagent",concat,0,1,0.9505,0.8400,0.0000,0.0000,855.08,16.92
chestmnist,224,"PubMedCLIP,rad-dino,Prov-GigaPath,UNI2",concat,0,1,0.9502,0.8253,0.0000,0.0000,1086.58,22.72
chestmnist,224,"PubMedCLIP,rad-dino,Hibou-B,CheXagent",concat,0,1,0.9505,0.8400,0.0000,0.0000,857.04,16.07
chestmnist,224,"PubMedCLIP,rad-dino,Hibou-B,CheXagent",concat,0,1,0.9505,0.8400,0.0000,0.0000,857.97,18.70
chestmnist,224,"PubMedCLIP,rad-dino,Hibou-B,UNI2",concat,0,1,0.9497,0.8236,0.0000,0.0000,893.87,16.39
chestmnist,224,"PubMedCLIP,rad-dino,CheXagent,UNI2",concat,0,1,0.9504,0.8349,0.0000,0.0000,1054.31,21.15
chestmnist,224,"PubMedCLIP,UNI,Prov-GigaPath,Hibou-B",concat,0,1,0.9492,0.7710,0.0000,0.0000,951.72,18.16
chestmnist,224,"PubMedCLIP,UNI,Hibou-B,CheXagent",concat,0,1,0.9501,0.8247,0.0000,0.0000,920.21,16.93
chestmnist,224,"PubMedCLIP,UNI,Hibou-B,UNI2",concat,0,1,0.9492,0.7675,0.0000,0.0000,953.17,17.40
chestmnist,224,"PubMedCLIP,UNI,Prov-GigaPath,CheXagent",concat,0,1,0.9500,0.8282,0.0000,0.0000,1116.87,23.37
chestmnist,224,"PubMedCLIP,UNI,CheXagent,UNI2",concat,0,1,0.9501,0.8254,0.0000,0.0000,1131.41,21.09
chestmnist,224,"PubMedCLIP,UNI,Prov-GigaPath,UNI2",concat,0,1,0.9493,0.7751,0.0000,0.0000,1151.60,21.36
chestmnist,224,"PubMedCLIP,Prov-GigaPath,Hibou-B,CheXagent",concat,0,1,0.9499,0.8268,0.0000,0.0000,1052.77,22.92
chestmnist,224,"PubMedCLIP,Prov-GigaPath,Hibou-B,UNI2",concat,0,1,0.9493,0.7757,0.0000,0.0000,1086.27,19.86
chestmnist,224,"PubMedCLIP,Hibou-B,CheXagent,UNI2",concat,0,1,0.9500,0.8268,0.0000,0.0000,1047.02,19.21
chestmnist,224,"PubMedCLIP,UNI,Hibou-B,CheXagent",concat,0,1,0.9501,0.8247,0.0000,0.0000,921.39,20.17
chestmnist,224,"PubMedCLIP,UNI,Hibou-B,UNI2",concat,0,1,0.9492,0.7675,0.0000,0.0000,958.48,17.73
chestmnist,224,"CONCH,rad-dino,UNI,Prov-GigaPath",concat,0,1,0.9498,0.8234,0.0000,0.0000,982.93,18.27
chestmnist,224,"PubMedCLIP,Prov-GigaPath,CheXagent,UNI2",concat,0,1,0.9498,0.8262,0.0000,0.0000,1246.66,22.79
chestmnist,224,"CONCH,rad-dino,UNI,Hibou-B",concat,0,1,0.9498,0.8259,0.0000,0.0000,767.31,17.54
chestmnist,224,"CONCH,rad-dino,UNI,CheXagent",concat,0,1,0.9504,0.8364,0.0000,0.0000,923.27,16.88
chestmnist,224,"CONCH,rad-dino,UNI,UNI2",concat,0,1,0.9498,0.8237,0.0000,0.0000,953.38,17.46
chestmnist,224,"CONCH,rad-dino,Prov-GigaPath,Hibou-B",concat,0,1,0.9503,0.8221,0.0000,0.0000,917.98,18.43
chestmnist,224,"PubMedCLIP,Prov-GigaPath,Hibou-B,CheXagent",concat,0,1,0.9499,0.8268,0.0000,0.0000,1051.09,19.49
chestmnist,224,"PubMedCLIP,UNI,CheXagent,UNI2",concat,0,1,0.9501,0.8254,0.0000,0.0000,1138.27,23.88
chestmnist,224,"PubMedCLIP,Hibou-B,CheXagent,UNI2",concat,0,1,0.9500,0.8268,0.0000,0.0000,1053.84,19.32
chestmnist,224,"CONCH,rad-dino,Prov-GigaPath,CheXagent",concat,0,1,0.9501,0.8357,0.0000,0.0000,1058.40,22.59
chestmnist,224,"CONCH,rad-dino,Hibou-B,CheXagent",concat,0,1,0.9499,0.8370,0.0000,0.0000,856.73,15.79
chestmnist,224,"CONCH,rad-dino,Prov-GigaPath,UNI2",concat,0,1,0.9499,0.8268,0.0000,0.0000,1084.85,19.70
chestmnist,224,"CONCH,rad-dino,Hibou-B,UNI2",concat,0,1,0.9498,0.8256,0.0000,0.0000,918.79,16.86
chestmnist,224,"CONCH,rad-dino,UNI,Prov-GigaPath",concat,0,1,0.9498,0.8234,0.0000,0.0000,959.77,17.48
chestmnist,224,"PubMedCLIP,Prov-GigaPath,Hibou-B,UNI2",concat,0,1,0.9493,0.7757,0.0000,0.0000,1091.17,20.17
chestmnist,224,"PubMedCLIP,Prov-GigaPath,Hibou-B,CheXagent",concat,0,1,0.9499,0.8268,0.0000,0.0000,1075.49,22.66
chestmnist,224,"CONCH,rad-dino,CheXagent,UNI2",concat,0,1,0.9502,0.8359,0.0000,0.0000,1057.16,23.15
chestmnist,224,"CONCH,rad-dino,Hibou-B,CheXagent",concat,0,1,0.9499,0.8370,0.0000,0.0000,857.04,15.81
chestmnist,224,"CONCH,UNI,Prov-GigaPath,Hibou-B",concat,0,1,0.9494,0.7701,0.0000,0.0000,958.56,17.45
chestmnist,224,"CONCH,rad-dino,UNI,Hibou-B",concat,0,1,0.9498,0.8259,0.0000,0.0000,766.47,14.15
chestmnist,224,"CONCH,UNI,Prov-GigaPath,CheXagent",concat,0,1,0.9500,0.8272,0.0000,0.0000,1138.59,22.64
chestmnist,224,"PubMedCLIP,Prov-GigaPath,Hibou-B,UNI2",concat,0,1,0.9493,0.7757,0.0000,0.0000,1103.92,23.72
chestmnist,224,"PubMedCLIP,Prov-GigaPath,CheXagent,UNI2",concat,0,1,0.9498,0.8262,0.0000,0.0000,1246.58,22.62
chestmnist,224,"CONCH,rad-dino,Hibou-B,UNI2",concat,0,1,0.9498,0.8256,0.0000,0.0000,889.66,16.87
chestmnist,224,"CONCH,UNI,Hibou-B,CheXagent",concat,0,1,0.9501,0.8263,0.0000,0.0000,915.20,16.94
chestmnist,224,"CONCH,UNI,Prov-GigaPath,UNI2",concat,0,1,0.9494,0.7758,0.0000,0.0000,1156.80,23.71
chestmnist,224,"CONCH,rad-dino,UNI,CheXagent",concat,0,1,0.9504,0.8364,0.0000,0.0000,925.42,17.42
chestmnist,224,"CONCH,UNI,Hibou-B,UNI2",concat,0,1,0.9491,0.7705,0.0000,0.0000,977.14,18.14
chestmnist,224,"PubMedCLIP,Hibou-B,CheXagent,UNI2",concat,0,1,0.9500,0.8268,0.0000,0.0000,1067.53,22.60
chestmnist,224,"CONCH,rad-dino,UNI,Prov-GigaPath",concat,0,1,0.9498,0.8234,0.0000,0.0000,959.31,17.71
chestmnist,224,"CONCH,rad-dino,CheXagent,UNI2",concat,0,1,0.9502,0.8359,0.0000,0.0000,1051.03,19.15
chestmnist,224,"CONCH,UNI,Hibou-B,CheXagent",concat,0,1,0.9501,0.8263,0.0000,0.0000,921.54,20.20
chestmnist,224,"CONCH,UNI,CheXagent,UNI2",concat,0,1,0.9500,0.8275,0.0000,0.0000,1117.99,20.33
chestmnist,224,"CONCH,rad-dino,UNI,UNI2",concat,0,1,0.9498,0.8237,0.0000,0.0000,957.98,17.79
chestmnist,224,"CONCH,Prov-GigaPath,Hibou-B,CheXagent",concat,0,1,0.9498,0.8251,0.0000,0.0000,1069.59,21.12
chestmnist,224,"CONCH,rad-dino,UNI,Hibou-B",concat,0,1,0.9498,0.8259,0.0000,0.0000,766.28,16.69
chestmnist,224,"CONCH,rad-dino,UNI,CheXagent",concat,0,1,0.9504,0.8364,0.0000,0.0000,922.45,16.78
chestmnist,224,"CONCH,UNI,Prov-GigaPath,Hibou-B",concat,0,1,0.9494,0.7701,0.0000,0.0000,956.95,17.41
chestmnist,224,"CONCH,UNI,Hibou-B,UNI2",concat,0,1,0.9491,0.7705,0.0000,0.0000,959.71,20.51
chestmnist,224,"CONCH,rad-dino,Prov-GigaPath,Hibou-B",concat,0,1,0.9503,0.8221,0.0000,0.0000,897.18,16.57
chestmnist,224,"CONCH,Prov-GigaPath,Hibou-B,UNI2",concat,0,1,0.9492,0.7722,0.0000,0.0000,1086.58,19.70
chestmnist,224,"CONCH,rad-dino,UNI,UNI2",concat,0,1,0.9498,0.8237,0.0000,0.0000,954.08,20.82
chestmnist,224,"CONCH,Prov-GigaPath,CheXagent,UNI2",concat,0,1,0.9500,0.8248,0.0000,0.0000,1265.00,26.67
chestmnist,224,"CONCH,rad-dino,Prov-GigaPath,CheXagent",concat,0,1,0.9501,0.8357,0.0000,0.0000,1051.65,20.00
chestmnist,224,"CONCH,UNI,Prov-GigaPath,CheXagent",concat,0,1,0.9500,0.8272,0.0000,0.0000,1114.73,20.24
chestmnist,224,"CONCH,rad-dino,Prov-GigaPath,UNI2",concat,0,1,0.9499,0.8268,0.0000,0.0000,1094.78,20.01
chestmnist,224,"CONCH,UNI,CheXagent,UNI2",concat,0,1,0.9500,0.8275,0.0000,0.0000,1118.23,23.97
chestmnist,224,"CONCH,Hibou-B,CheXagent,UNI2",concat,0,1,0.9502,0.8277,0.0000,0.0000,1050.30,19.04
chestmnist,224,"CONCH,rad-dino,Prov-GigaPath,Hibou-B",concat,0,1,0.9503,0.8221,0.0000,0.0000,898.19,19.20
chestmnist,224,"CONCH,rad-dino,Hibou-B,CheXagent",concat,0,1,0.9499,0.8370,0.0000,0.0000,855.36,15.84
chestmnist,224,"rad-dino,UNI,Prov-GigaPath,Hibou-B",concat,0,1,0.9499,0.8242,0.0000,0.0000,1037.00,22.19
chestmnist,224,"CONCH,rad-dino,Hibou-B,UNI2",concat,0,1,0.9498,0.8256,0.0000,0.0000,894.91,16.63
chestmnist,224,"CONCH,Prov-GigaPath,Hibou-B,CheXagent",concat,0,1,0.9498,0.8251,0.0000,0.0000,1052.75,21.82
chestmnist,224,"CONCH,UNI,Prov-GigaPath,UNI2",concat,0,1,0.9494,0.7758,0.0000,0.0000,1155.71,20.84
chestmnist,224,"rad-dino,UNI,Prov-GigaPath,CheXagent",concat,0,1,0.9502,0.8373,0.0000,0.0000,1177.55,21.81
chestmnist,224,"CONCH,rad-dino,Prov-GigaPath,CheXagent",concat,0,1,0.9501,0.8357,0.0000,0.0000,1075.68,22.67
chestmnist,224,"CONCH,rad-dino,CheXagent,UNI2",concat,0,1,0.9502,0.8359,0.0000,0.0000,1052.31,19.27
chestmnist,224,"CONCH,UNI,Prov-GigaPath,Hibou-B",concat,0,1,0.9494,0.7701,0.0000,0.0000,956.98,18.15
chestmnist,224,"rad-dino,UNI,Prov-GigaPath,UNI2",concat,0,1,0.9499,0.8244,0.0000,0.0000,1232.71,25.94
chestmnist,224,"CONCH,UNI,Hibou-B,CheXagent",concat,0,1,0.9501,0.8263,0.0000,0.0000,914.24,16.94
chestmnist,224,"CONCH,Prov-GigaPath,Hibou-B,UNI2",concat,0,1,0.9492,0.7722,0.0000,0.0000,1085.88,23.12
chestmnist,224,"rad-dino,UNI,Hibou-B,CheXagent",concat,0,1,0.9501,0.8399,0.0000,0.0000,981.06,18.65
chestmnist,224,"CONCH,rad-dino,Prov-GigaPath,UNI2",concat,0,1,0.9499,0.8268,0.0000,0.0000,1111.69,23.26
chestmnist,224,"CONCH,UNI,Prov-GigaPath,CheXagent",concat,0,1,0.9500,0.8272,0.0000,0.0000,1110.75,20.56
chestmnist,224,"rad-dino,UNI,Hibou-B,UNI2",concat,0,1,0.9500,0.8242,0.0000,0.0000,1032.08,21.93
chestmnist,224,"CONCH,UNI,Hibou-B,UNI2",concat,0,1,0.9491,0.7705,0.0000,0.0000,948.67,18.37
chestmnist,224,"CONCH,UNI,Prov-GigaPath,UNI2",concat,0,1,0.9494,0.7758,0.0000,0.0000,1154.08,22.74
chestmnist,224,"CONCH,rad-dino,Hibou-B,CheXagent",concat,0,1,0.9499,0.8370,0.0000,0.0000,856.40,18.58
chestmnist,224,"CONCH,Prov-GigaPath,CheXagent,UNI2",concat,0,1,0.9500,0.8248,0.0000,0.0000,1247.52,26.50
chestmnist,224,"rad-dino,UNI,CheXagent,UNI2",concat,0,1,0.9503,0.8360,0.0000,0.0000,1188.40,21.71
chestmnist,224,"CONCH,UNI,Hibou-B,CheXagent",concat,0,1,0.9501,0.8263,0.0000,0.0000,918.38,16.96
chestmnist,224,"CONCH,UNI,Hibou-B,UNI2",concat,0,1,0.9491,0.7705,0.0000,0.0000,953.47,17.74
chestmnist,224,"rad-dino,Prov-GigaPath,Hibou-B,CheXagent",concat,0,1,0.9503,0.8351,0.0000,0.0000,1130.47,23.30
chestmnist,224,"CONCH,UNI,CheXagent,UNI2",concat,0,1,0.9500,0.8275,0.0000,0.0000,1109.95,20.33
chestmnist,224,"CONCH,rad-dino,Hibou-B,UNI2",concat,0,1,0.9498,0.8256,0.0000,0.0000,896.02,19.04
chestmnist,224,"CONCH,Hibou-B,CheXagent,UNI2",concat,0,1,0.9502,0.8277,0.0000,0.0000,1049.10,22.16
chestmnist,224,"CONCH,Prov-GigaPath,Hibou-B,CheXagent",concat,0,1,0.9498,0.8251,0.0000,0.0000,1050.04,19.45
chestmnist,224,"rad-dino,Prov-GigaPath,Hibou-B,UNI2",concat,0,1,0.9500,0.8273,0.0000,0.0000,1158.58,21.09
chestmnist,224,"CONCH,Prov-GigaPath,Hibou-B,UNI2",concat,0,1,0.9492,0.7722,0.0000,0.0000,1089.87,20.01
chestmnist,224,"CONCH,rad-dino,CheXagent,UNI2",concat,0,1,0.9502,0.8359,0.0000,0.0000,1070.72,22.57
chestmnist,224,"CONCH,Prov-GigaPath,CheXagent,UNI2",concat,0,1,0.9500,0.8248,0.0000,0.0000,1239.98,22.67
chestmnist,224,"rad-dino,Prov-GigaPath,CheXagent,UNI2",concat,0,1,0.9505,0.8362,0.0000,0.0000,1327.45,28.24
chestmnist,224,"rad-dino,UNI,Prov-GigaPath,Hibou-B",concat,0,1,0.9499,0.8242,0.0000,0.0000,1019.74,22.15
chestmnist,224,"CONCH,Hibou-B,CheXagent,UNI2",concat,0,1,0.9502,0.8277,0.0000,0.0000,1044.27,18.84
chestmnist,224,"rad-dino,Hibou-B,CheXagent,UNI2",concat,0,1,0.9504,0.8372,0.0000,0.0000,1113.32,20.37
chestmnist,224,"CONCH,UNI,Prov-GigaPath,Hibou-B",concat,0,1,0.9494,0.7701,0.0000,0.0000,952.10,20.91
chestmnist,224,"rad-dino,UNI,Prov-GigaPath,CheXagent",concat,0,1,0.9502,0.8373,0.0000,0.0000,1178.19,22.92
chestmnist,224,"rad-dino,UNI,Hibou-B,CheXagent",concat,0,1,0.9501,0.8399,0.0000,0.0000,983.11,21.08
chestmnist,224,"rad-dino,UNI,Prov-GigaPath,UNI2",concat,0,1,0.9499,0.8244,0.0000,0.0000,1219.70,21.99
chestmnist,224,"UNI,Prov-GigaPath,Hibou-B,CheXagent",concat,0,1,0.9503,0.8262,0.0000,0.0000,1179.48,24.72
chestmnist,224,"rad-dino,UNI,Prov-GigaPath,Hibou-B",concat,0,1,0.9499,0.8242,0.0000,0.0000,1003.41,18.55
chestmnist,224,"UNI,Prov-GigaPath,Hibou-B,UNI2",concat,0,1,0.9493,0.7766,0.0000,0.0000,1211.54,22.00
chestmnist,224,"rad-dino,UNI,Hibou-B,UNI2",concat,0,1,0.9500,0.8242,0.0000,0.0000,1005.97,18.51
chestmnist,224,"CONCH,UNI,Prov-GigaPath,CheXagent",concat,0,1,0.9500,0.8272,0.0000,0.0000,1138.19,23.86
chestmnist,224,"rad-dino,UNI,Hibou-B,CheXagent",concat,0,1,0.9501,0.8399,0.0000,0.0000,980.16,18.02
chestmnist,224,"rad-dino,UNI,CheXagent,UNI2",concat,0,1,0.9503,0.8360,0.0000,0.0000,1195.72,25.50
chestmnist,224,"rad-dino,UNI,Prov-GigaPath,CheXagent",concat,0,1,0.9502,0.8373,0.0000,0.0000,1160.10,21.40
chestmnist,224,"UNI,Prov-GigaPath,CheXagent,UNI2",concat,0,1,0.9499,0.8235,0.0000,0.0000,1370.73,27.77
chestmnist,224,"UNI,Hibou-B,CheXagent,UNI2",concat,0,1,0.9498,0.8258,0.0000,0.0000,1172.43,21.29
chestmnist,224,"rad-dino,Prov-GigaPath,Hibou-B,CheXagent",concat,0,1,0.9503,0.8351,0.0000,0.0000,1101.40,20.21
chestmnist,224,"rad-dino,UNI,Hibou-B,UNI2",concat,0,1,0.9500,0.8242,0.0000,0.0000,1015.34,19.03
chestmnist,224,"CONCH,UNI,Prov-GigaPath,UNI2",concat,0,1,0.9494,0.7758,0.0000,0.0000,1178.14,24.80
chestmnist,224,"rad-dino,Prov-GigaPath,Hibou-B,UNI2",concat,0,1,0.9500,0.8273,0.0000,0.0000,1155.22,24.73
chestmnist,224,"BioMedCLIP,PubMedCLIP,CONCH,rad-dino,UNI",concat,0,1,0.9498,0.8285,0.0000,0.0000,829.04,15.18
chestmnist,224,"rad-dino,UNI,Prov-GigaPath,UNI2",concat,0,1,0.9499,0.8244,0.0000,0.0000,1195.03,22.20
chestmnist,224,"Prov-GigaPath,Hibou-B,CheXagent,UNI2",concat,0,1,0.9502,0.8266,0.0000,0.0000,1303.47,27.32
chestmnist,224,"CONCH,UNI,Hibou-B,CheXagent",concat,0,1,0.9501,0.8263,0.0000,0.0000,913.07,20.29
chestmnist,224,"rad-dino,Prov-GigaPath,CheXagent,UNI2",concat,0,1,0.9505,0.8362,0.0000,0.0000,1311.44,24.05
chestmnist,224,"rad-dino,UNI,CheXagent,UNI2",concat,0,1,0.9503,0.8360,0.0000,0.0000,1173.60,21.43
chestmnist,224,"BioMedCLIP,PubMedCLIP,CONCH,rad-dino,Prov-GigaPath",concat,0,1,0.9502,0.8276,0.0000,0.0000,946.25,17.55
chestmnist,224,"rad-dino,Hibou-B,CheXagent,UNI2",concat,0,1,0.9504,0.8372,0.0000,0.0000,1117.67,22.95
chestmnist,224,"rad-dino,UNI,Hibou-B,CheXagent",concat,0,1,0.9501,0.8399,0.0000,0.0000,968.94,17.99
chestmnist,224,"BioMedCLIP,PubMedCLIP,CONCH,rad-dino,UNI",concat,0,1,0.9498,0.8285,0.0000,0.0000,818.12,17.18
chestmnist,224,"CONCH,UNI,Hibou-B,UNI2",concat,0,1,0.9491,0.7705,0.0000,0.0000,969.39,20.67
chestmnist,224,"BioMedCLIP,PubMedCLIP,CONCH,rad-dino,Hibou-B",concat,0,1,0.9501,0.8240,0.0000,0.0000,755.44,14.09
chestmnist,224,"rad-dino,Prov-GigaPath,Hibou-B,CheXagent",concat,0,1,0.9503,0.8351,0.0000,0.0000,1111.42,20.35
chestmnist,224,"UNI,Prov-GigaPath,Hibou-B,CheXagent",concat,0,1,0.9503,0.8262,0.0000,0.0000,1163.39,21.28
chestmnist,224,"rad-dino,UNI,Hibou-B,UNI2",concat,0,1,0.9500,0.8242,0.0000,0.0000,1002.74,18.55
chestmnist,224,"BioMedCLIP,PubMedCLIP,CONCH,rad-dino,Prov-GigaPath",concat,0,1,0.9502,0.8276,0.0000,0.0000,954.04,20.03
chestmnist,224,"UNI,Prov-GigaPath,Hibou-B,UNI2",concat,0,1,0.9493,0.7766,0.0000,0.0000,1218.47,25.56
chestmnist,224,"CONCH,UNI,CheXagent,UNI2",concat,0,1,0.9500,0.8275,0.0000,0.0000,1135.12,25.63
chestmnist,224,"BioMedCLIP,PubMedCLIP,CONCH,rad-dino,CheXagent",concat,0,1,0.9505,0.8372,0.0000,0.0000,918.59,17.61
chestmnist,224,"BioMedCLIP,PubMedCLIP,CONCH,rad-dino,Hibou-B",concat,0,1,0.9501,0.8240,0.0000,0.0000,751.35,16.57
chestmnist,224,"rad-dino,Prov-GigaPath,Hibou-B,UNI2",concat,0,1,0.9500,0.8273,0.0000,0.0000,1143.16,20.93
chestmnist,224,"rad-dino,UNI,CheXagent,UNI2",concat,0,1,0.9503,0.8360,0.0000,0.0000,1160.37,21.61
chestmnist,224,"UNI,Prov-GigaPath,CheXagent,UNI2",concat,0,1,0.9499,0.8235,0.0000,0.0000,1359.69,25.07
chestmnist,224,"UNI,Hibou-B,CheXagent,UNI2",concat,0,1,0.9498,0.8258,0.0000,0.0000,1180.38,24.84
chestmnist,224,"BioMedCLIP,PubMedCLIP,CONCH,rad-dino,UNI2",concat,0,1,0.9500,0.8264,0.0000,0.0000,951.04,17.37
chestmnist,224,"CONCH,Prov-GigaPath,Hibou-B,CheXagent",concat,0,1,0.9498,0.8251,0.0000,0.0000,1069.12,22.40
chestmnist,224,"BioMedCLIP,PubMedCLIP,CONCH,rad-dino,CheXagent",concat,0,1,0.9505,0.8372,0.0000,0.0000,914.20,19.54
chestmnist,224,"BioMedCLIP,PubMedCLIP,CONCH,rad-dino,UNI",concat,0,1,0.9498,0.8285,0.0000,0.0000,825.51,18.16
chestmnist,224,"rad-dino,Prov-GigaPath,Hibou-B,CheXagent",concat,0,1,0.9503,0.8351,0.0000,0.0000,1095.60,20.13
chestmnist,224,"rad-dino,Prov-GigaPath,CheXagent,UNI2",concat,0,1,0.9505,0.8362,0.0000,0.0000,1306.17,23.78
chestmnist,224,"Prov-GigaPath,Hibou-B,CheXagent,UNI2",concat,0,1,0.9502,0.8266,0.0000,0.0000,1296.94,24.76
chestmnist,224,"BioMedCLIP,PubMedCLIP,CONCH,UNI,Prov-GigaPath",concat,0,1,0.9497,0.7928,0.0000,0.0000,1010.98,18.35
chestmnist,224,"BioMedCLIP,PubMedCLIP,CONCH,rad-dino,UNI2",concat,0,1,0.9500,0.8264,0.0000,0.0000,953.05,19.63
chestmnist,224,"CONCH,Prov-GigaPath,Hibou-B,UNI2",concat,0,1,0.9492,0.7722,0.0000,0.0000,1107.09,24.90
chestmnist,224,"BioMedCLIP,PubMedCLIP,CONCH,rad-dino,Prov-GigaPath",concat,0,1,0.9502,0.8276,0.0000,0.0000,957.76,20.07
chestmnist,224,"BioMedCLIP,PubMedCLIP,CONCH,rad-dino,UNI",concat,0,1,0.9498,0.8285,0.0000,0.0000,812.00,15.53
chestmnist,224,"rad-dino,Prov-GigaPath,Hibou-B,UNI2",concat,0,1,0.9500,0.8273,0.0000,0.0000,1132.15,20.90
chestmnist,224,"BioMedCLIP,PubMedCLIP,CONCH,UNI,Hibou-B",concat,0,1,0.9492,0.7812,0.0000,0.0000,825.50,15.34
chestmnist,224,"rad-dino,Hibou-B,CheXagent,UNI2",concat,0,1,0.9504,0.8372,0.0000,0.0000,1110.48,20.51
chestmnist,224,"BioMedCLIP,PubMedCLIP,CONCH,UNI,Prov-GigaPath",concat,0,1,0.9497,0.7928,0.0000,0.0000,1014.76,21.50
chestmnist,224,"BioMedCLIP,PubMedCLIP,CONCH,rad-dino,Hibou-B",concat,0,1,0.9501,0.8240,0.0000,0.0000,759.06,16.65
chestmnist,224,"CONCH,Prov-GigaPath,CheXagent,UNI2",concat,0,1,0.9500,0.8248,0.0000,0.0000,1263.87,26.02
chestmnist,224,"BioMedCLIP,PubMedCLIP,CONCH,rad-dino,Prov-GigaPath",concat,0,1,0.9502,0.8276,0.0000,0.0000,941.38,17.30
chestmnist,224,"BioMedCLIP,PubMedCLIP,CONCH,UNI,CheXagent",concat,0,1,0.9501,0.8255,0.0000,0.0000,975.01,17.85
chestmnist,224,"BioMedCLIP,PubMedCLIP,CONCH,UNI,Hibou-B",concat,0,1,0.9492,0.7812,0.0000,0.0000,815.26,17.36
chestmnist,224,"UNI,Prov-GigaPath,Hibou-B,CheXagent",concat,0,1,0.9503,0.8262,0.0000,0.0000,1173.55,23.61
chestmnist,224,"rad-dino,Prov-GigaPath,CheXagent,UNI2",concat,0,1,0.9505,0.8362,0.0000,0.0000,1304.43,23.76
chestmnist,224,"BioMedCLIP,PubMedCLIP,CONCH,rad-dino,CheXagent",concat,0,1,0.9505,0.8372,0.0000,0.0000,923.12,19.84
chestmnist,224,"BioMedCLIP,PubMedCLIP,CONCH,rad-dino,Hibou-B",concat,0,1,0.9501,0.8240,0.0000,0.0000,754.98,13.70
chestmnist,224,"CONCH,Hibou-B,CheXagent,UNI2",concat,0,1,0.9502,0.8277,0.0000,0.0000,1047.04,23.23
chestmnist,224,"BioMedCLIP,PubMedCLIP,CONCH,UNI,UNI2",concat,0,1,0.9490,0.7883,0.0000,0.0000,1013.36,18.80
chestmnist,224,"BioMedCLIP,PubMedCLIP,CONCH,UNI,CheXagent",concat,0,1,0.9501,0.8255,0.0000,0.0000,981.25,19.06
chestmnist,224,"UNI,Prov-GigaPath,Hibou-B,UNI2",concat,0,1,0.9493,0.7766,0.0000,0.0000,1209.78,22.82
chestmnist,224,"rad-dino,Hibou-B,CheXagent,UNI2",concat,0,1,0.9504,0.8372,0.0000,0.0000,1106.39,20.21
chestmnist,224,"BioMedCLIP,PubMedCLIP,CONCH,rad-dino,UNI2",concat,0,1,0.9500,0.8264,0.0000,0.0000,955.73,20.43
chestmnist,224,"BioMedCLIP,PubMedCLIP,CONCH,rad-dino,CheXagent",concat,0,1,0.9505,0.8372,0.0000,0.0000,915.56,16.85
chestmnist,224,"rad-dino,UNI,Prov-GigaPath,Hibou-B",concat,0,1,0.9499,0.8242,0.0000,0.0000,1011.65,22.37
chestmnist,224,"BioMedCLIP,PubMedCLIP,CONCH,Prov-GigaPath,Hibou-B",concat,0,1,0.9495,0.7899,0.0000,0.0000,949.84,18.35
chestmnist,224,"BioMedCLIP,PubMedCLIP,CONCH,UNI,UNI2",concat,0,1,0.9490,0.7883,0.0000,0.0000,1030.78,20.48
chestmnist,224,"BioMedCLIP,PubMedCLIP,CONCH,UNI,Prov-GigaPath",concat,0,1,0.9497,0.7928,0.0000,0.0000,1017.20,21.81
chestmnist,224,"BioMedCLIP,PubMedCLIP,CONCH,rad-dino,UNI2",concat,0,1,0.9500,0.8264,0.0000,0.0000,953.35,17.57
chestmnist,224,"UNI,Prov-GigaPath,Hibou-B,CheXagent",concat,0,1,0.9503,0.8262,0.0000,0.0000,1175.86,21.27
chestmnist,224,"UNI,Prov-GigaPath,CheXagent,UNI2",concat,0,1,0.9499,0.8235,0.0000,0.0000,1370.78,24.95
chestmnist,224,"rad-dino,UNI,Prov-GigaPath,CheXagent",concat,0,1,0.9502,0.8373,0.0000,0.0000,1190.45,24.83
chestmnist,224,"BioMedCLIP,PubMedCLIP,CONCH,Prov-GigaPath,CheXagent",concat,0,1,0.9503,0.8276,0.0000,0.0000,1108.37,20.36
chestmnist,224,"BioMedCLIP,PubMedCLIP,CONCH,Prov-GigaPath,Hibou-B",concat,0,1,0.9495,0.7899,0.0000,0.0000,956.20,20.10
chestmnist,224,"BioMedCLIP,PubMedCLIP,CONCH,UNI,Hibou-B",concat,0,1,0.9492,0.7812,0.0000,0.0000,823.73,18.72
chestmnist,224,"BioMedCLIP,PubMedCLIP,CONCH,UNI,Prov-GigaPath",concat,0,1,0.9497,0.7928,0.0000,0.0000,998.64,18.45
chestmnist,224,"UNI,Prov-GigaPath,Hibou-B,UNI2",concat,0,1,0.9493,0.7766,0.0000,0.0000,1201.83,21.70
chestmnist,224,"UNI,Hibou-B,CheXagent,UNI2",concat,0,1,0.9498,0.8258,0.0000,0.0000,1170.60,21.42
chestmnist,224,"rad-dino,UNI,Prov-GigaPath,UNI2",concat,0,1,0.9499,0.8244,0.0000,0.0000,1239.66,25.68
chestmnist,224,"BioMedCLIP,PubMedCLIP,CONCH,Prov-GigaPath,UNI2",concat,0,1,0.9493,0.7951,0.0000,0.0000,1148.84,20.87
chestmnist,224,"BioMedCLIP,PubMedCLIP,CONCH,Prov-GigaPath,CheXagent",concat,0,1,0.9503,0.8276,0.0000,0.0000,1111.94,24.33
chestmnist,224,"BioMedCLIP,PubMedCLIP,CONCH,UNI,CheXagent",concat,0,1,0.9501,0.8255,0.0000,0.0000,984.81,21.55
chestmnist,224,"BioMedCLIP,PubMedCLIP,CONCH,UNI,Hibou-B",concat,0,1,0.9492,0.7812,0.0000,0.0000,812.58,15.10
chestmnist,224,"BioMedCLIP,PubMedCLIP,CONCH,Hibou-B,CheXagent",concat,0,1,0.9502,0.8256,0.0000,0.0000,911.02,18.20
chestmnist,224,"UNI,Prov-GigaPath,CheXagent,UNI2",concat,0,1,0.9499,0.8235,0.0000,0.0000,1367.78,24.51
chestmnist,224,"rad-dino,UNI,Hibou-B,CheXagent",concat,0,1,0.9501,0.8399,0.0000,0.0000,1005.71,20.99
chestmnist,224,"Prov-GigaPath,Hibou-B,CheXagent,UNI2",concat,0,1,0.9502,0.8266,0.0000,0.0000,1301.93,23.73
chestmnist,224,"BioMedCLIP,PubMedCLIP,CONCH,UNI,CheXagent",concat,0,1,0.9501,0.8255,0.0000,0.0000,964.95,18.22
chestmnist,224,"BioMedCLIP,PubMedCLIP,CONCH,UNI,UNI2",concat,0,1,0.9490,0.7883,0.0000,0.0000,1017.36,21.23
chestmnist,224,"BioMedCLIP,PubMedCLIP,CONCH,Prov-GigaPath,UNI2",concat,0,1,0.9493,0.7951,0.0000,0.0000,1143.96,24.81
chestmnist,224,"BioMedCLIP,PubMedCLIP,CONCH,Hibou-B,UNI2",concat,0,1,0.9491,0.7897,0.0000,0.0000,940.99,17.69
chestmnist,224,"BioMedCLIP,PubMedCLIP,CONCH,rad-dino,UNI",concat,0,1,0.9498,0.8285,0.0000,0.0000,819.35,15.50
chestmnist,224,"BioMedCLIP,PubMedCLIP,CONCH,Prov-GigaPath,Hibou-B",concat,0,1,0.9495,0.7899,0.0000,0.0000,941.10,17.74
chestmnist,224,"rad-dino,UNI,Hibou-B,UNI2",concat,0,1,0.9500,0.8242,0.0000,0.0000,1044.39,21.93
chestmnist,224,"BioMedCLIP,PubMedCLIP,CONCH,Hibou-B,CheXagent",concat,0,1,0.9502,0.8256,0.0000,0.0000,914.46,19.92
chestmnist,224,"UNI,Hibou-B,CheXagent,UNI2",concat,0,1,0.9498,0.8258,0.0000,0.0000,1161.73,21.23
chestmnist,224,"BioMedCLIP,PubMedCLIP,CONCH,Prov-GigaPath,CheXagent",concat,0,1,0.9503,0.8276,0.0000,0.0000,1114.12,22.82
chestmnist,224,"BioMedCLIP,PubMedCLIP,CONCH,rad-dino,Prov-GigaPath",concat,0,1,0.9502,0.8276,0.0000,0.0000,948.98,17.38
chestmnist,224,"BioMedCLIP,PubMedCLIP,CONCH,CheXagent,UNI2",concat,0,1,0.9500,0.8285,0.0000,0.0000,1107.00,20.68
chestmnist,224,"BioMedCLIP,PubMedCLIP,CONCH,Hibou-B,UNI2",concat,0,1,0.9491,0.7897,0.0000,0.0000,949.43,20.09
chestmnist,224,"BioMedCLIP,PubMedCLIP,CONCH,Hibou-B,CheXagent",concat,0,1,0.9502,0.8256,0.0000,0.0000,917.31,20.17
chestmnist,224,"BioMedCLIP,PubMedCLIP,CONCH,Prov-GigaPath,UNI2",concat,0,1,0.9493,0.7951,0.0000,0.0000,1133.32,21.42
chestmnist,224,"rad-dino,UNI,CheXagent,UNI2",concat,0,1,0.9503,0.8360,0.0000,0.0000,1187.26,25.42
chestmnist,224,"Prov-GigaPath,Hibou-B,CheXagent,UNI2",concat,0,1,0.9502,0.8266,0.0000,0.0000,1307.15,23.85
chestmnist,224,"BioMedCLIP,PubMedCLIP,CONCH,rad-dino,Hibou-B",concat,0,1,0.9501,0.8240,0.0000,0.0000,758.05,14.04
chestmnist,224,"BioMedCLIP,PubMedCLIP,rad-dino,UNI,Prov-GigaPath",concat,0,1,0.9503,0.8280,0.0000,0.0000,1079.30,19.94
chestmnist,224,"BioMedCLIP,PubMedCLIP,CONCH,Hibou-B,CheXagent",concat,0,1,0.9502,0.8256,0.0000,0.0000,901.64,17.33
chestmnist,224,"BioMedCLIP,PubMedCLIP,CONCH,Hibou-B,UNI2",concat,0,1,0.9491,0.7897,0.0000,0.0000,949.51,20.62
chestmnist,224,"BioMedCLIP,PubMedCLIP,CONCH,CheXagent,UNI2",concat,0,1,0.9500,0.8285,0.0000,0.0000,1112.49,23.10
chestmnist,224,"BioMedCLIP,PubMedCLIP,CONCH,rad-dino,UNI",concat,0,1,0.9498,0.8285,0.0000,0.0000,819.02,14.97
chestmnist,224,"rad-dino,Prov-GigaPath,Hibou-B,CheXagent",concat,0,1,0.9503,0.8351,0.0000,0.0000,1127.88,24.18
chestmnist,224,"BioMedCLIP,PubMedCLIP,CONCH,rad-dino,CheXagent",concat,0,1,0.9505,0.8372,0.0000,0.0000,917.73,18.16
chestmnist,224,"BioMedCLIP,PubMedCLIP,rad-dino,UNI,Hibou-B",concat,0,1,0.9500,0.8256,0.0000,0.0000,883.24,16.63
chestmnist,224,"BioMedCLIP,PubMedCLIP,rad-dino,UNI,Prov-GigaPath",concat,0,1,0.9503,0.8280,0.0000,0.0000,1066.57,19.61
chestmnist,224,"BioMedCLIP,PubMedCLIP,rad-dino,UNI,CheXagent",concat,0,1,0.9509,0.8381,0.0000,0.0000,1050.87,22.64
chestmnist,224,"BioMedCLIP,PubMedCLIP,CONCH,rad-dino,Prov-GigaPath",concat,0,1,0.9502,0.8276,0.0000,0.0000,939.91,17.33
chestmnist,224,"BioMedCLIP,PubMedCLIP,rad-dino,UNI,UNI2",concat,0,1,0.9501,0.8263,0.0000,0.0000,1083.40,23.50
chestmnist,224,"BioMedCLIP,PubMedCLIP,CONCH,rad-dino,UNI2",concat,0,1,0.9500,0.8264,0.0000,0.0000,949.41,17.98
chestmnist,224,"rad-dino,Prov-GigaPath,Hibou-B,UNI2",concat,0,1,0.9500,0.8273,0.0000,0.0000,1161.26,24.82
chestmnist,224,"BioMedCLIP,PubMedCLIP,CONCH,rad-dino,Hibou-B",concat,0,1,0.9501,0.8240,0.0000,0.0000,754.30,13.79
chestmnist,224,"BioMedCLIP,PubMedCLIP,rad-dino,Prov-GigaPath,Hibou-B",concat,0,1,0.9504,0.8282,0.0000,0.0000,1019.43,18.54
chestmnist,224,"BioMedCLIP,PubMedCLIP,rad-dino,UNI,Hibou-B",concat,0,1,0.9500,0.8256,0.0000,0.0000,875.06,16.78
chestmnist,224,"BioMedCLIP,PubMedCLIP,rad-dino,Prov-GigaPath,CheXagent",concat,0,1,0.9504,0.8366,0.0000,0.0000,1181.56,25.40
chestmnist,224,"BioMedCLIP,PubMedCLIP,rad-dino,Prov-GigaPath,UNI2",concat,0,1,0.9499,0.8281,0.0000,0.0000,1218.18,25.42
chestmnist,224,"BioMedCLIP,PubMedCLIP,CONCH,UNI,Prov-GigaPath",concat,0,1,0.9497,0.7928,0.0000,0.0000,1015.43,18.66
chestmnist,224,"rad-dino,Prov-GigaPath,CheXagent,UNI2",concat,0,1,0.9505,0.8362,0.0000,0.0000,1320.40,27.30
chestmnist,224,"BioMedCLIP,PubMedCLIP,CONCH,rad-dino,CheXagent",concat,0,1,0.9505,0.8372,0.0000,0.0000,906.88,16.78
chestmnist,224,"BioMedCLIP,PubMedCLIP,rad-dino,Hibou-B,CheXagent",concat,0,1,0.9503,0.8376,0.0000,0.0000,977.78,18.11
chestmnist,224,"BioMedCLIP,PubMedCLIP,rad-dino,UNI,CheXagent",concat,0,1,0.9509,0.8381,0.0000,0.0000,1034.55,19.32
chestmnist,224,"BioMedCLIP,PubMedCLIP,CONCH,UNI,Hibou-B",concat,0,1,0.9492,0.7812,0.0000,0.0000,823.56,15.13
chestmnist,224,"BioMedCLIP,PubMedCLIP,rad-dino,Hibou-B,UNI2",concat,0,1,0.9500,0.8264,0.0000,0.0000,1016.66,22.11
chestmnist,224,"BioMedCLIP,PubMedCLIP,rad-dino,CheXagent,UNI2",concat,0,1,0.9509,0.8350,0.0000,0.0000,1180.11,23.18
chestmnist,224,"BioMedCLIP,PubMedCLIP,CONCH,rad-dino,UNI2",concat,0,1,0.9500,0.8264,0.0000,0.0000,940.82,17.38
chestmnist,224,"rad-dino,Hibou-B,CheXagent,UNI2",concat,0,1,0.9504,0.8372,0.0000,0.0000,1125.25,24.17
chestmnist,224,"BioMedCLIP,PubMedCLIP,UNI,Prov-GigaPath,Hibou-B",concat,0,1,0.9497,0.7929,0.0000,0.0000,1078.22,19.57
chestmnist,224,"BioMedCLIP,PubMedCLIP,rad-dino,UNI,UNI2",concat,0,1,0.9501,0.8263,0.0000,0.0000,1066.93,19.97
chestmnist,224,"BioMedCLIP,PubMedCLIP,CONCH,UNI,CheXagent",concat,0,1,0.9501,0.8255,0.0000,0.0000,977.04,17.97
chestmnist,224,"BioMedCLIP,PubMedCLIP,UNI,Prov-GigaPath,CheXagent",concat,0,1,0.9499,0.8290,0.0000,0.0000,1244.22,26.64
chestmnist,224,"BioMedCLIP,PubMedCLIP,CONCH,UNI,Prov-GigaPath",concat,0,1,0.9497,0.7928,0.0000,0.0000,1001.44,18.39
chestmnist,224,"BioMedCLIP,PubMedCLIP,UNI,Prov-GigaPath,UNI2",concat,0,1,0.9496,0.7939,0.0000,0.0000,1275.68,25.90
chestmnist,224,"BioMedCLIP,PubMedCLIP,UNI,Hibou-B,CheXagent",concat,0,1,0.9501,0.8253,0.0000,0.0000,1042.67,19.44
chestmnist,224,"BioMedCLIP,PubMedCLIP,rad-dino,Prov-GigaPath,Hibou-B",concat,0,1,0.9504,0.8282,0.0000,0.0000,1003.41,18.20
chestmnist,224,"UNI,Prov-GigaPath,Hibou-B,CheXagent",concat,0,1,0.9503,0.8262,0.0000,0.0000,1188.06,25.94
chestmnist,224,"BioMedCLIP,PubMedCLIP,CONCH,UNI,UNI2",concat,0,1,0.9490,0.7883,0.0000,0.0000,1009.63,18.63
chestmnist,224,"BioMedCLIP,PubMedCLIP,CONCH,UNI,Hibou-B",concat,0,1,0.9492,0.7812,0.0000,0.0000,815.10,15.01
chestmnist,224,"BioMedCLIP,PubMedCLIP,UNI,Hibou-B,UNI2",concat,0,1,0.9493,0.7890,0.0000,0.0000,1078.76,23.02
chestmnist,224,"BioMedCLIP,PubMedCLIP,UNI,CheXagent,UNI2",concat,0,1,0.9499,0.8277,0.0000,0.0000,1244.28,24.92
chestmnist,224,"BioMedCLIP,PubMedCLIP,CONCH,Prov-GigaPath,Hibou-B",concat,0,1,0.9495,0.7899,0.0000,0.0000,947.63,17.56
chestmnist,224,"BioMedCLIP,PubMedCLIP,Prov-GigaPath,Hibou-B,CheXagent",concat,0,1,0.9504,0.8282,0.0000,0.0000,1170.63,21.96
chestmnist,224,"BioMedCLIP,PubMedCLIP,rad-dino,Prov-GigaPath,CheXagent",concat,0,1,0.9504,0.8366,0.0000,0.0000,1162.21,21.22
chestmnist,224,"UNI,Prov-GigaPath,Hibou-B,UNI2",concat,0,1,0.9493,0.7766,0.0000,0.0000,1237.25,26.31
chestmnist,224,"BioMedCLIP,PubMedCLIP,CONCH,UNI,CheXagent",concat,0,1,0.9501,0.8255,0.0000,0.0000,966.39,18.00
chestmnist,224,"BioMedCLIP,PubMedCLIP,Prov-GigaPath,Hibou-B,UNI2",concat,0,1,0.9494,0.7909,0.0000,0.0000,1212.82,25.72
chestmnist,224,"BioMedCLIP,PubMedCLIP,CONCH,Prov-GigaPath,CheXagent",concat,0,1,0.9503,0.8276,0.0000,0.0000,1107.79,20.31
chestmnist,224,"BioMedCLIP,PubMedCLIP,Hibou-B,CheXagent,UNI2",concat,0,1,0.9502,0.8281,0.0000,0.0000,1171.66,21.46
chestmnist,224,"BioMedCLIP,PubMedCLIP,rad-dino,Prov-GigaPath,UNI2",concat,0,1,0.9499,0.8281,0.0000,0.0000,1201.48,23.14
chestmnist,224,"BioMedCLIP,PubMedCLIP,Prov-GigaPath,CheXagent,UNI2",concat,0,1,0.9500,0.8270,0.0000,0.0000,1377.16,28.41
chestmnist,224,"BioMedCLIP,PubMedCLIP,CONCH,UNI,UNI2",concat,0,1,0.9490,0.7883,0.0000,0.0000,1008.56,18.44
chestmnist,224,"UNI,Prov-GigaPath,CheXagent,UNI2",concat,0,1,0.9499,0.8235,0.0000,0.0000,1385.46,29.06
chestmnist,224,"BioMedCLIP,CONCH,rad-dino,UNI,Prov-GigaPath",concat,0,1,0.9502,0.8279,0.0000,0.0000,1087.55,22.68
chestmnist,224,"BioMedCLIP,CONCH,rad-dino,UNI,Hibou-B",concat,0,1,0.9503,0.8275,0.0000,0.0000,880.73,16.62
chestmnist,224,"BioMedCLIP,PubMedCLIP,rad-dino,Hibou-B,CheXagent",concat,0,1,0.9503,0.8376,0.0000,0.0000,973.54,17.86
chestmnist,224,"BioMedCLIP,PubMedCLIP,CONCH,Prov-GigaPath,UNI2",concat,0,1,0.9493,0.7951,0.0000,0.0000,1147.71,21.74
chestmnist,224,"BioMedCLIP,PubMedCLIP,CONCH,Prov-GigaPath,Hibou-B",concat,0,1,0.9495,0.7899,0.0000,0.0000,938.82,17.28
chestmnist,224,"BioMedCLIP,PubMedCLIP,Hibou-B,CheXagent,UNI2",concat,0,1,0.9502,0.8281,0.0000,0.0000,1175.79,24.69
chestmnist,224,"UNI,Hibou-B,CheXagent,UNI2",concat,0,1,0.9498,0.8258,0.0000,0.0000,1182.29,28.38
chestmnist,224,"BioMedCLIP,CONCH,rad-dino,UNI,CheXagent",concat,0,1,0.9505,0.8375,0.0000,0.0000,1058.68,22.80
chestmnist,224,"BioMedCLIP,CONCH,rad-dino,UNI,UNI2",concat,0,1,0.9498,0.8266,0.0000,0.0000,1082.32,19.79
chestmnist,224,"BioMedCLIP,PubMedCLIP,CONCH,Hibou-B,CheXagent",concat,0,1,0.9502,0.8256,0.0000,0.0000,917.35,16.68
chestmnist,224,"BioMedCLIP,PubMedCLIP,rad-dino,Hibou-B,UNI2",concat,0,1,0.9500,0.8264,0.0000,0.0000,1009.22,18.89
chestmnist,224,"BioMedCLIP,PubMedCLIP,CONCH,Prov-GigaPath,CheXagent",concat,0,1,0.9503,0.8276,0.0000,0.0000,1099.37,20.15
chestmnist,224,"BioMedCLIP,CONCH,rad-dino,UNI,Prov-GigaPath",concat,0,1,0.9502,0.8279,0.0000,0.0000,1090.14,22.92
chestmnist,224,"BioMedCLIP,CONCH,rad-dino,Prov-GigaPath,Hibou-B",concat,0,1,0.9501,0.8289,0.0000,0.0000,1018.43,22.02
chestmnist,224,"Prov-GigaPath,Hibou-B,CheXagent,UNI2",concat,0,1,0.9502,0.8266,0.0000,0.0000,1319.92,28.72
chestmnist,224,"BioMedCLIP,PubMedCLIP,CONCH,Hibou-B,UNI2",concat,0,1,0.9491,0.7897,0.0000,0.0000,949.71,17.44
chestmnist,224,"BioMedCLIP,CONCH,rad-dino,Prov-GigaPath,CheXagent",concat,0,1,0.9506,0.8369,0.0000,0.0000,1174.94,21.46
chestmnist,224,"BioMedCLIP,PubMedCLIP,rad-dino,CheXagent,UNI2",concat,0,1,0.9509,0.8350,0.0000,0.0000,1163.20,21.31
chestmnist,224,"BioMedCLIP,CONCH,rad-dino,UNI,Hibou-B",concat,0,1,0.9503,0.8275,0.0000,0.0000,890.16,18.97
chestmnist,224,"BioMedCLIP,PubMedCLIP,CONCH,Prov-GigaPath,UNI2",concat,0,1,0.9493,0.7951,0.0000,0.0000,1130.28,20.86
chestmnist,224,"BioMedCLIP,PubMedCLIP,CONCH,rad-dino,UNI",concat,0,1,0.9498,0.8285,0.0000,0.0000,823.12,18.29
chestmnist,224,"BioMedCLIP,CONCH,rad-dino,Prov-GigaPath,UNI2",concat,0,1,0.9496,0.8288,0.0000,0.0000,1217.25,25.82
chestmnist,224,"BioMedCLIP,PubMedCLIP,CONCH,CheXagent,UNI2",concat,0,1,0.9500,0.8285,0.0000,0.0000,1103.54,20.32
chestmnist,224,"BioMedCLIP,CONCH,rad-dino,Hibou-B,CheXagent",concat,0,1,0.9505,0.8391,0.0000,0.0000,981.11,19.26
chestmnist,224,"BioMedCLIP,PubMedCLIP,CONCH,Hibou-B,CheXagent",concat,0,1,0.9502,0.8256,0.0000,0.0000,903.94,16.78
chestmnist,224,"BioMedCLIP,PubMedCLIP,UNI,Prov-GigaPath,Hibou-B",concat,0,1,0.9497,0.7929,0.0000,0.0000,1064.99,19.66
chestmnist,224,"BioMedCLIP,CONCH,rad-dino,UNI,CheXagent",concat,0,1,0.9505,0.8375,0.0000,0.0000,1048.88,22.06
chestmnist,224,"BioMedCLIP,PubMedCLIP,CONCH,rad-dino,Prov-GigaPath",concat,0,1,0.9502,0.8276,0.0000,0.0000,971.07,20.80
chestmnist,224,"BioMedCLIP,CONCH,rad-dino,Hibou-B,UNI2",concat,0,1,0.9498,0.8245,0.0000,0.0000,1024.63,21.33
chestmnist,224,"BioMedCLIP,PubMedCLIP,rad-dino,UNI,Prov-GigaPath",concat,0,1,0.9503,0.8280,0.0000,0.0000,1079.95,20.61
chestmnist,224,"BioMedCLIP,PubMedCLIP,CONCH,Hibou-B,UNI2",concat,0,1,0.9491,0.7897,0.0000,0.0000,936.94,17.42
chestmnist,224,"BioMedCLIP,CONCH,rad-dino,CheXagent,UNI2",concat,0,1,0.9504,0.8360,0.0000,0.0000,1170.83,22.60
chestmnist,224,"BioMedCLIP,CONCH,rad-dino,UNI,UNI2",concat,0,1,0.9498,0.8266,0.0000,0.0000,1081.53,23.04
chestmnist,224,"BioMedCLIP,PubMedCLIP,CONCH,rad-dino,Hibou-B",concat,0,1,0.9501,0.8240,0.0000,0.0000,759.74,16.48
chestmnist,224,"BioMedCLIP,PubMedCLIP,UNI,Prov-GigaPath,CheXagent",concat,0,1,0.9499,0.8290,0.0000,0.0000,1226.39,22.65
chestmnist,224,"BioMedCLIP,CONCH,UNI,Prov-GigaPath,Hibou-B",concat,0,1,0.9495,0.7934,0.0000,0.0000,1081.19,23.31
chestmnist,224,"BioMedCLIP,PubMedCLIP,rad-dino,UNI,Hibou-B",concat,0,1,0.9500,0.8256,0.0000,0.0000,893.34,16.20
chestmnist,224,"BioMedCLIP,PubMedCLIP,CONCH,CheXagent,UNI2",concat,0,1,0.9500,0.8285,0.0000,0.0000,1094.92,20.70
chestmnist,224,"BioMedCLIP,PubMedCLIP,CONCH,rad-dino,CheXagent",concat,0,1,0.9505,0.8372,0.0000,0.0000,929.93,20.07
chestmnist,224,"BioMedCLIP,CONCH,rad-dino,Prov-GigaPath,Hibou-B",concat,0,1,0.9501,0.8289,0.0000,0.0000,1014.56,21.65
chestmnist,224,"BioMedCLIP,CONCH,UNI,Prov-GigaPath,CheXagent",concat,0,1,0.9500,0.8280,0.0000,0.0000,1235.26,23.05
chestmnist,224,"BioMedCLIP,PubMedCLIP,UNI,Prov-GigaPath,UNI2",concat,0,1,0.9496,0.7939,0.0000,0.0000,1259.89,23.11
chestmnist,224,"BioMedCLIP,PubMedCLIP,rad-dino,UNI,CheXagent",concat,0,1,0.9509,0.8381,0.0000,0.0000,1041.63,19.24
chestmnist,224,"BioMedCLIP,CONCH,UNI,Prov-GigaPath,UNI2",concat,0,1,0.9491,0.7950,0.0000,0.0000,1275.93,27.44
chestmnist,224,"BioMedCLIP,PubMedCLIP,rad-dino,UNI,Prov-GigaPath",concat,0,1,0.9503,0.8280,0.0000,0.0000,1067.29,19.55
chestmnist,224,"BioMedCLIP,PubMedCLIP,CONCH,rad-dino,UNI2",concat,0,1,0.9500,0.8264,0.0000,0.0000,974.81,20.68
chestmnist,224,"BioMedCLIP,CONCH,UNI,Hibou-B,CheXagent",concat,0,1,0.9501,0.8264,0.0000,0.0000,1041.31,18.98
chestmnist,224,"BioMedCLIP,CONCH,rad-dino,Prov-GigaPath,CheXagent",concat,0,1,0.9506,0.8369,0.0000,0.0000,1176.58,24.40
chestmnist,224,"BioMedCLIP,PubMedCLIP,UNI,Hibou-B,CheXagent",concat,0,1,0.9501,0.8253,0.0000,0.0000,1032.50,19.09
chestmnist,224,"BioMedCLIP,PubMedCLIP,rad-dino,UNI,UNI2",concat,0,1,0.9501,0.8263,0.0000,0.0000,1083.04,19.68
chestmnist,224,"BioMedCLIP,PubMedCLIP,rad-dino,UNI,Hibou-B",concat,0,1,0.9500,0.8256,0.0000,0.0000,881.15,16.36
chestmnist,224,"BioMedCLIP,CONCH,UNI,Hibou-B,UNI2",concat,0,1,0.9493,0.7886,0.0000,0.0000,1083.72,21.74
chestmnist,224,"BioMedCLIP,PubMedCLIP,CONCH,UNI,Prov-GigaPath",concat,0,1,0.9497,0.7928,0.0000,0.0000,1035.74,22.09
chestmnist,224,"BioMedCLIP,CONCH,UNI,CheXagent,UNI2",concat,0,1,0.9501,0.8287,0.0000,0.0000,1239.72,22.73
chestmnist,224,"BioMedCLIP,CONCH,rad-dino,Prov-GigaPath,UNI2",concat,0,1,0.9496,0.8288,0.0000,0.0000,1214.76,25.44
chestmnist,224,"BioMedCLIP,PubMedCLIP,UNI,Hibou-B,UNI2",concat,0,1,0.9493,0.7890,0.0000,0.0000,1065.41,20.17
chestmnist,224,"BioMedCLIP,PubMedCLIP,rad-dino,Prov-GigaPath,Hibou-B",concat,0,1,0.9504,0.8282,0.0000,0.0000,1011.43,18.74
chestmnist,224,"BioMedCLIP,PubMedCLIP,CONCH,UNI,Hibou-B",concat,0,1,0.9492,0.7812,0.0000,0.0000,818.69,17.77
chestmnist,224,"BioMedCLIP,PubMedCLIP,rad-dino,UNI,CheXagent",concat,0,1,0.9509,0.8381,0.0000,0.0000,1031.77,19.17
chestmnist,224,"BioMedCLIP,CONCH,Prov-GigaPath,Hibou-B,CheXagent",concat,0,1,0.9500,0.8277,0.0000,0.0000,1174.34,25.50
chestmnist,224,"BioMedCLIP,CONCH,rad-dino,Hibou-B,CheXagent",concat,0,1,0.9505,0.8391,0.0000,0.0000,983.17,21.47
chestmnist,224,"BioMedCLIP,CONCH,Prov-GigaPath,Hibou-B,UNI2",concat,0,1,0.9495,0.7936,0.0000,0.0000,1206.10,21.95
chestmnist,224,"BioMedCLIP,PubMedCLIP,UNI,CheXagent,UNI2",concat,0,1,0.9499,0.8277,0.0000,0.0000,1224.18,22.52
chestmnist,224,"BioMedCLIP,PubMedCLIP,CONCH,UNI,CheXagent",concat,0,1,0.9501,0.8255,0.0000,0.0000,998.53,21.22
chestmnist,224,"BioMedCLIP,PubMedCLIP,rad-dino,Prov-GigaPath,CheXagent",concat,0,1,0.9504,0.8366,0.0000,0.0000,1177.11,21.81
chestmnist,224,"BioMedCLIP,PubMedCLIP,rad-dino,UNI,UNI2",concat,0,1,0.9501,0.8263,0.0000,0.0000,1067.37,19.57
chestmnist,224,"BioMedCLIP,CONCH,rad-dino,Hibou-B,UNI2",concat,0,1,0.9498,0.8245,0.0000,0.0000,1015.12,22.33
chestmnist,224,"BioMedCLIP,CONCH,Prov-GigaPath,CheXagent,UNI2",concat,0,1,0.9500,0.8278,0.0000,0.0000,1368.48,28.65
chestmnist,224,"BioMedCLIP,CONCH,Hibou-B,CheXagent,UNI2",concat,0,1,0.9502,0.8290,0.0000,0.0000,1173.69,22.28
chestmnist,224,"BioMedCLIP,PubMedCLIP,Prov-GigaPath,Hibou-B,CheXagent",concat,0,1,0.9504,0.8282,0.0000,0.0000,1155.75,21.38
chestmnist,224,"BioMedCLIP,PubMedCLIP,CONCH,UNI,UNI2",concat,0,1,0.9490,0.7883,0.0000,0.0000,1033.55,22.09
chestmnist,224,"BioMedCLIP,PubMedCLIP,rad-dino,Prov-GigaPath,Hibou-B",concat,0,1,0.9504,0.8282,0.0000,0.0000,1006.19,18.48
chestmnist,224,"BioMedCLIP,PubMedCLIP,rad-dino,Prov-GigaPath,UNI2",concat,0,1,0.9499,0.8281,0.0000,0.0000,1205.11,21.82
chestmnist,224,"BioMedCLIP,CONCH,rad-dino,CheXagent,UNI2",concat,0,1,0.9504,0.8360,0.0000,0.0000,1177.57,25.76
chestmnist,224,"BioMedCLIP,rad-dino,UNI,Prov-GigaPath,Hibou-B",concat,0,1,0.9503,0.8293,0.0000,0.0000,1149.31,24.08
chestmnist,224,"BioMedCLIP,PubMedCLIP,CONCH,Prov-GigaPath,Hibou-B",concat,0,1,0.9495,0.7899,0.0000,0.0000,965.71,20.52
chestmnist,224,"BioMedCLIP,PubMedCLIP,Prov-GigaPath,Hibou-B,UNI2",concat,0,1,0.9494,0.7909,0.0000,0.0000,1194.16,21.87
chestmnist,224,"BioMedCLIP,rad-dino,UNI,Prov-GigaPath,CheXagent",concat,0,1,0.9505,0.8370,0.0000,0.0000,1310.77,23.77
chestmnist,224,"BioMedCLIP,PubMedCLIP,rad-dino,Prov-GigaPath,CheXagent",concat,0,1,0.9504,0.8366,0.0000,0.0000,1163.26,21.31
chestmnist,224,"BioMedCLIP,PubMedCLIP,rad-dino,Hibou-B,CheXagent",concat,0,1,0.9503,0.8376,0.0000,0.0000,978.31,19.25
chestmnist,224,"BioMedCLIP,CONCH,UNI,Prov-GigaPath,Hibou-B",concat,0,1,0.9495,0.7934,0.0000,0.0000,1081.30,23.31
chestmnist,224,"BioMedCLIP,PubMedCLIP,CONCH,Prov-GigaPath,CheXagent",concat,0,1,0.9503,0.8276,0.0000,0.0000,1118.93,24.43
chestmnist,224,"BioMedCLIP,rad-dino,UNI,Prov-GigaPath,UNI2",concat,0,1,0.9498,0.8288,0.0000,0.0000,1349.52,28.65
chestmnist,224,"BioMedCLIP,PubMedCLIP,rad-dino,Hibou-B,UNI2",concat,0,1,0.9500,0.8264,0.0000,0.0000,1013.97,18.44
chestmnist,224,"BioMedCLIP,rad-dino,UNI,Hibou-B,CheXagent",concat,0,1,0.9505,0.8364,0.0000,0.0000,1112.80,20.21
chestmnist,224,"BioMedCLIP,PubMedCLIP,rad-dino,Prov-GigaPath,UNI2",concat,0,1,0.9499,0.8281,0.0000,0.0000,1195.28,21.77
chestmnist,224,"BioMedCLIP,PubMedCLIP,Prov-GigaPath,CheXagent,UNI2",concat,0,1,0.9500,0.8270,0.0000,0.0000,1350.27,24.74
chestmnist,224,"BioMedCLIP,CONCH,UNI,Prov-GigaPath,CheXagent",concat,0,1,0.9500,0.8280,0.0000,0.0000,1236.17,26.49
chestmnist,224,"BioMedCLIP,PubMedCLIP,CONCH,Prov-GigaPath,UNI2",concat,0,1,0.9493,0.7951,0.0000,0.0000,1154.88,25.87
chestmnist,224,"BioMedCLIP,rad-dino,UNI,Hibou-B,UNI2",concat,0,1,0.9500,0.8256,0.0000,0.0000,1148.51,24.24
chestmnist,224,"BioMedCLIP,PubMedCLIP,rad-dino,Hibou-B,CheXagent",concat,0,1,0.9503,0.8376,0.0000,0.0000,973.91,17.84
chestmnist,224,"BioMedCLIP,PubMedCLIP,rad-dino,CheXagent,UNI2",concat,0,1,0.9509,0.8350,0.0000,0.0000,1173.91,21.44
chestmnist,224,"BioMedCLIP,rad-dino,UNI,CheXagent,UNI2",concat,0,1,0.9502,0.8358,0.0000,0.0000,1307.96,23.86
chestmnist,224,"BioMedCLIP,PubMedCLIP,Hibou-B,CheXagent,UNI2",concat,0,1,0.9502,0.8281,0.0000,0.0000,1154.88,21.06
chestmnist,224,"BioMedCLIP,PubMedCLIP,CONCH,Hibou-B,CheXagent",concat,0,1,0.9502,0.8256,0.0000,0.0000,928.67,19.65
chestmnist,224,"BioMedCLIP,CONCH,UNI,Prov-GigaPath,UNI2",concat,0,1,0.9491,0.7950,0.0000,0.0000,1279.52,27.34
chestmnist,224,"BioMedCLIP,PubMedCLIP,rad-dino,Hibou-B,UNI2",concat,0,1,0.9500,0.8264,0.0000,0.0000,1005.55,18.40
chestmnist,224,"BioMedCLIP,PubMedCLIP,UNI,Prov-GigaPath,Hibou-B",concat,0,1,0.9497,0.7929,0.0000,0.0000,1078.10,20.00
chestmnist,224,"BioMedCLIP,rad-dino,Prov-GigaPath,Hibou-B,CheXagent",concat,0,1,0.9505,0.8381,0.0000,0.0000,1240.67,26.73
chestmnist,224,"BioMedCLIP,CONCH,rad-dino,UNI,Prov-GigaPath",concat,0,1,0.9502,0.8279,0.0000,0.0000,1068.22,19.68
chestmnist,224,"BioMedCLIP,rad-dino,Prov-GigaPath,Hibou-B,UNI2",concat,0,1,0.9501,0.8275,0.0000,0.0000,1281.49,23.47
chestmnist,224,"BioMedCLIP,PubMedCLIP,CONCH,Hibou-B,UNI2",concat,0,1,0.9491,0.7897,0.0000,0.0000,942.56,21.13
chestmnist,224,"BioMedCLIP,CONCH,UNI,Hibou-B,CheXagent",concat,0,1,0.9501,0.8264,0.0000,0.0000,1042.31,21.85
chestmnist,224,"BioMedCLIP,PubMedCLIP,rad-dino,CheXagent,UNI2",concat,0,1,0.9509,0.8350,0.0000,0.0000,1161.07,21.29
chestmnist,224,"BioMedCLIP,CONCH,rad-dino,UNI,Hibou-B",concat,0,1,0.9503,0.8275,0.0000,0.0000,875.17,16.24
chestmnist,224,"BioMedCLIP,PubMedCLIP,UNI,Prov-GigaPath,CheXagent",concat,0,1,0.9499,0.8290,0.0000,0.0000,1233.99,22.42
chestmnist,224,"BioMedCLIP,rad-dino,Prov-GigaPath,CheXagent,UNI2",concat,0,1,0.9505,0.8352,0.0000,0.0000,1439.60,29.93
chestmnist,224,"BioMedCLIP,rad-dino,Hibou-B,CheXagent,UNI2",concat,0,1,0.9502,0.8355,0.0000,0.0000,1238.96,22.69
chestmnist,224,"BioMedCLIP,PubMedCLIP,CONCH,CheXagent,UNI2",concat,0,1,0.9500,0.8285,0.0000,0.0000,1123.20,24.14
chestmnist,224,"BioMedCLIP,CONCH,UNI,Hibou-B,UNI2",concat,0,1,0.9493,0.7886,0.0000,0.0000,1076.04,22.93
chestmnist,224,"BioMedCLIP,PubMedCLIP,UNI,Prov-GigaPath,Hibou-B",concat,0,1,0.9497,0.7929,0.0000,0.0000,1066.19,19.50
chestmnist,224,"BioMedCLIP,CONCH,rad-dino,UNI,CheXagent",concat,0,1,0.9505,0.8375,0.0000,0.0000,1035.04,19.21
chestmnist,224,"BioMedCLIP,PubMedCLIP,UNI,Prov-GigaPath,UNI2",concat,0,1,0.9496,0.7939,0.0000,0.0000,1269.96,22.83
chestmnist,224,"BioMedCLIP,UNI,Prov-GigaPath,Hibou-B,CheXagent",concat,0,1,0.9499,0.8264,0.0000,0.0000,1306.70,27.38
chestmnist,224,"BioMedCLIP,PubMedCLIP,rad-dino,UNI,Prov-GigaPath",concat,0,1,0.9503,0.8280,0.0000,0.0000,1106.02,23.61
chestmnist,224,"BioMedCLIP,UNI,Prov-GigaPath,Hibou-B,UNI2",concat,0,1,0.9496,0.7949,0.0000,0.0000,1342.27,24.15
chestmnist,224,"BioMedCLIP,CONCH,rad-dino,UNI,UNI2",concat,0,1,0.9498,0.8266,0.0000,0.0000,1064.26,20.03
chestmnist,224,"BioMedCLIP,CONCH,UNI,CheXagent,UNI2",concat,0,1,0.9501,0.8287,0.0000,0.0000,1237.04,26.09
chestmnist,224,"BioMedCLIP,PubMedCLIP,UNI,Prov-GigaPath,CheXagent",concat,0,1,0.9499,0.8290,0.0000,0.0000,1239.88,22.35
chestmnist,224,"BioMedCLIP,PubMedCLIP,UNI,Hibou-B,CheXagent",concat,0,1,0.9501,0.8253,0.0000,0.0000,1050.88,18.82
chestmnist,224,"BioMedCLIP,PubMedCLIP,rad-dino,UNI,Hibou-B",concat,0,1,0.9500,0.8256,0.0000,0.0000,879.86,19.21
chestmnist,224,"BioMedCLIP,CONCH,rad-dino,Prov-GigaPath,Hibou-B",concat,0,1,0.9501,0.8289,0.0000,0.0000,1002.27,18.53
chestmnist,224,"BioMedCLIP,UNI,Prov-GigaPath,CheXagent,UNI2",concat,0,1,0.9501,0.8284,0.0000,0.0000,1508.02,32.06
chestmnist,224,"BioMedCLIP,UNI,Hibou-B,CheXagent,UNI2",concat,0,1,0.9499,0.8240,0.0000,0.0000,1294.96,26.66
chestmnist,224,"BioMedCLIP,CONCH,Prov-GigaPath,Hibou-B,CheXagent",concat,0,1,0.9500,0.8277,0.0000,0.0000,1173.95,25.10
chestmnist,224,"BioMedCLIP,PubMedCLIP,UNI,Hibou-B,UNI2",concat,0,1,0.9493,0.7890,0.0000,0.0000,1082.48,19.47
chestmnist,224,"BioMedCLIP,PubMedCLIP,UNI,Prov-GigaPath,UNI2",concat,0,1,0.9496,0.7939,0.0000,0.0000,1271.91,23.04
chestmnist,224,"BioMedCLIP,PubMedCLIP,rad-dino,UNI,CheXagent",concat,0,1,0.9509,0.8381,0.0000,0.0000,1065.02,22.33
chestmnist,224,"BioMedCLIP,CONCH,rad-dino,Prov-GigaPath,CheXagent",concat,0,1,0.9506,0.8369,0.0000,0.0000,1163.32,22.11
chestmnist,224,"PubMedCLIP,CONCH,rad-dino,UNI,Prov-GigaPath",concat,0,1,0.9502,0.8248,0.0000,0.0000,1080.82,20.95
chestmnist,224,"BioMedCLIP,CONCH,Prov-GigaPath,Hibou-B,UNI2",concat,0,1,0.9495,0.7936,0.0000,0.0000,1205.56,25.26
chestmnist,224,"BioMedCLIP,PubMedCLIP,UNI,Hibou-B,CheXagent",concat,0,1,0.9501,0.8253,0.0000,0.0000,1034.45,18.98
chestmnist,224,"BioMedCLIP,Prov-GigaPath,Hibou-B,CheXagent,UNI2",concat,0,1,0.9502,0.8272,0.0000,0.0000,1435.50,29.98
chestmnist,224,"BioMedCLIP,PubMedCLIP,UNI,CheXagent,UNI2",concat,0,1,0.9499,0.8277,0.0000,0.0000,1237.09,22.71
chestmnist,224,"BioMedCLIP,PubMedCLIP,rad-dino,UNI,UNI2",concat,0,1,0.9501,0.8263,0.0000,0.0000,1103.16,23.36
chestmnist,224,"PubMedCLIP,CONCH,rad-dino,UNI,Hibou-B",concat,0,1,0.9503,0.8260,0.0000,0.0000,888.24,16.42
chestmnist,224,"BioMedCLIP,CONCH,rad-dino,Prov-GigaPath,UNI2",concat,0,1,0.9496,0.8288,0.0000,0.0000,1196.80,22.02
chestmnist,224,"BioMedCLIP,PubMedCLIP,UNI,Hibou-B,UNI2",concat,0,1,0.9493,0.7890,0.0000,0.0000,1059.32,19.94
chestmnist,224,"PubMedCLIP,CONCH,rad-dino,UNI,Prov-GigaPath",concat,0,1,0.9502,0.8248,0.0000,0.0000,1097.93,23.98
chestmnist,224,"BioMedCLIP,PubMedCLIP,rad-dino,Prov-GigaPath,Hibou-B",concat,0,1,0.9504,0.8282,0.0000,0.0000,1039.02,22.03
chestmnist,224,"BioMedCLIP,CONCH,Prov-GigaPath,CheXagent,UNI2",concat,0,1,0.9500,0.8278,0.0000,0.0000,1372.67,27.49
chestmnist,224,"BioMedCLIP,PubMedCLIP,Prov-GigaPath,Hibou-B,CheXagent",concat,0,1,0.9504,0.8282,0.0000,0.0000,1171.14,21.42
chestmnist,224,"PubMedCLIP,CONCH,rad-dino,UNI,CheXagent",concat,0,1,0.9501,0.8367,0.0000,0.0000,1046.43,20.00
chestmnist,224,"BioMedCLIP,CONCH,rad-dino,Hibou-B,CheXagent",concat,0,1,0.9505,0.8391,0.0000,0.0000,970.34,17.69
chestmnist,224,"PubMedCLIP,CONCH,rad-dino,UNI,Hibou-B",concat,0,1,0.9503,0.8260,0.0000,0.0000,890.88,18.99
chestmnist,224,"BioMedCLIP,PubMedCLIP,UNI,CheXagent,UNI2",concat,0,1,0.9499,0.8277,0.0000,0.0000,1237.32,22.46
chestmnist,224,"BioMedCLIP,PubMedCLIP,rad-dino,Prov-GigaPath,CheXagent",concat,0,1,0.9504,0.8366,0.0000,0.0000,1184.63,24.94
chestmnist,224,"BioMedCLIP,CONCH,Hibou-B,CheXagent,UNI2",concat,0,1,0.9502,0.8290,0.0000,0.0000,1176.35,25.14
chestmnist,224,"BioMedCLIP,PubMedCLIP,Prov-GigaPath,Hibou-B,UNI2",concat,0,1,0.9494,0.7909,0.0000,0.0000,1203.55,22.08
chestmnist,224,"PubMedCLIP,CONCH,rad-dino,UNI,UNI2",concat,0,1,0.9496,0.8248,0.0000,0.0000,1078.72,19.86
chestmnist,224,"BioMedCLIP,CONCH,rad-dino,Hibou-B,UNI2",concat,0,1,0.9498,0.8245,0.0000,0.0000,1005.79,18.78
chestmnist,224,"PubMedCLIP,CONCH,rad-dino,UNI,CheXagent",concat,0,1,0.9501,0.8367,0.0000,0.0000,1050.51,21.15
chestmnist,224,"BioMedCLIP,PubMedCLIP,Prov-GigaPath,Hibou-B,CheXagent",concat,0,1,0.9504,0.8282,0.0000,0.0000,1157.63,21.13
chestmnist,224,"BioMedCLIP,rad-dino,UNI,Prov-GigaPath,Hibou-B",concat,0,1,0.9503,0.8293,0.0000,0.0000,1148.21,24.54
chestmnist,224,"BioMedCLIP,PubMedCLIP,rad-dino,Prov-GigaPath,UNI2",concat,0,1,0.9499,0.8281,0.0000,0.0000,1232.07,26.13
chestmnist,224,"PubMedCLIP,CONCH,rad-dino,Prov-GigaPath,Hibou-B",concat,0,1,0.9499,0.8213,0.0000,0.0000,1018.88,18.64
chestmnist,224,"BioMedCLIP,PubMedCLIP,Prov-GigaPath,CheXagent,UNI2",concat,0,1,0.9500,0.8270,0.0000,0.0000,1366.73,24.89
chestmnist,224,"BioMedCLIP,CONCH,rad-dino,CheXagent,UNI2",concat,0,1,0.9504,0.8360,0.0000,0.0000,1160.72,22.14
chestmnist,224,"PubMedCLIP,CONCH,rad-dino,UNI,UNI2",concat,0,1,0.9496,0.8248,0.0000,0.0000,1098.19,23.02
chestmnist,224,"BioMedCLIP,PubMedCLIP,Prov-GigaPath,Hibou-B,UNI2",concat,0,1,0.9494,0.7909,0.0000,0.0000,1193.74,21.80
chestmnist,224,"BioMedCLIP,PubMedCLIP,rad-dino,Hibou-B,CheXagent",concat,0,1,0.9503,0.8376,0.0000,0.0000,996.43,20.82
chestmnist,224,"PubMedCLIP,CONCH,rad-dino,Prov-GigaPath,CheXagent",concat,0,1,0.9503,0.8364,0.0000,0.0000,1175.00,22.24
chestmnist,224,"BioMedCLIP,rad-dino,UNI,Prov-GigaPath,CheXagent",concat,0,1,0.9505,0.8370,0.0000,0.0000,1307.14,28.32
chestmnist,224,"BioMedCLIP,PubMedCLIP,Hibou-B,CheXagent,UNI2",concat,0,1,0.9502,0.8281,0.0000,0.0000,1167.00,21.17
chestmnist,224,"BioMedCLIP,CONCH,UNI,Prov-GigaPath,Hibou-B",concat,0,1,0.9495,0.7934,0.0000,0.0000,1076.50,21.08
chestmnist,224,"PubMedCLIP,CONCH,rad-dino,Prov-GigaPath,Hibou-B",concat,0,1,0.9499,0.8213,0.0000,0.0000,1022.86,22.08
chestmnist,224,"BioMedCLIP,PubMedCLIP,rad-dino,Hibou-B,UNI2",concat,0,1,0.9500,0.8264,0.0000,0.0000,1033.45,21.66
chestmnist,224,"BioMedCLIP,PubMedCLIP,Prov-GigaPath,CheXagent,UNI2",concat,0,1,0.9500,0.8270,0.0000,0.0000,1384.93,24.62
chestmnist,224,"PubMedCLIP,CONCH,rad-dino,Prov-GigaPath,UNI2",concat,0,1,0.9498,0.8246,0.0000,0.0000,1215.33,22.03
chestmnist,224,"BioMedCLIP,CONCH,rad-dino,UNI,Prov-GigaPath",concat,0,1,0.9502,0.8279,0.0000,0.0000,1084.59,19.47
chestmnist,224,"BioMedCLIP,rad-dino,UNI,Prov-GigaPath,UNI2",concat,0,1,0.9498,0.8288,0.0000,0.0000,1342.95,28.12
chestmnist,224,"BioMedCLIP,CONCH,UNI,Prov-GigaPath,CheXagent",concat,0,1,0.9500,0.8280,0.0000,0.0000,1227.94,23.55
chestmnist,224,"PubMedCLIP,CONCH,rad-dino,Prov-GigaPath,CheXagent",concat,0,1,0.9503,0.8364,0.0000,0.0000,1177.23,24.47
chestmnist,224,"BioMedCLIP,PubMedCLIP,rad-dino,CheXagent,UNI2",concat,0,1,0.9509,0.8350,0.0000,0.0000,1183.59,25.23
chestmnist,224,"BioMedCLIP,CONCH,rad-dino,UNI,Hibou-B",concat,0,1,0.9503,0.8275,0.0000,0.0000,902.68,16.20
chestmnist,224,"PubMedCLIP,CONCH,rad-dino,Hibou-B,CheXagent",concat,0,1,0.9502,0.8384,0.0000,0.0000,983.62,18.12
chestmnist,224,"BioMedCLIP,PubMedCLIP,Hibou-B,CheXagent,UNI2",concat,0,1,0.9502,0.8281,0.0000,0.0000,1159.13,21.37
chestmnist,224,"BioMedCLIP,rad-dino,UNI,Hibou-B,CheXagent",concat,0,1,0.9505,0.8364,0.0000,0.0000,1114.61,23.69
chestmnist,224,"BioMedCLIP,CONCH,UNI,Prov-GigaPath,UNI2",concat,0,1,0.9491,0.7950,0.0000,0.0000,1259.68,26.41
chestmnist,224,"PubMedCLIP,CONCH,rad-dino,Prov-GigaPath,UNI2",concat,0,1,0.9498,0.8246,0.0000,0.0000,1214.81,26.01
chestmnist,224,"BioMedCLIP,PubMedCLIP,UNI,Prov-GigaPath,Hibou-B",concat,0,1,0.9497,0.7929,0.0000,0.0000,1105.67,23.57
chestmnist,224,"PubMedCLIP,CONCH,rad-dino,Hibou-B,UNI2",concat,0,1,0.9500,0.8228,0.0000,0.0000,1012.98,19.41
chestmnist,224,"BioMedCLIP,CONCH,rad-dino,UNI,CheXagent",concat,0,1,0.9505,0.8375,0.0000,0.0000,1049.80,19.14
chestmnist,224,"BioMedCLIP,CONCH,rad-dino,UNI,Prov-GigaPath",concat,0,1,0.9502,0.8279,0.0000,0.0000,1071.21,19.57
chestmnist,224,"BioMedCLIP,rad-dino,UNI,Hibou-B,UNI2",concat,0,1,0.9500,0.8256,0.0000,0.0000,1142.53,24.37
chestmnist,224,"PubMedCLIP,CONCH,rad-dino,Hibou-B,CheXagent",concat,0,1,0.9502,0.8384,0.0000,0.0000,986.36,21.42
chestmnist,224,"BioMedCLIP,CONCH,UNI,Hibou-B,CheXagent",concat,0,1,0.9501,0.8264,0.0000,0.0000,1029.85,19.15
chestmnist,224,"BioMedCLIP,CONCH,rad-dino,UNI,Hibou-B",concat,0,1,0.9503,0.8275,0.0000,0.0000,883.05,16.12
chestmnist,224,"BioMedCLIP,CONCH,rad-dino,UNI,UNI2",concat,0,1,0.9498,0.8266,0.0000,0.0000,1072.15,19.71
chestmnist,224,"BioMedCLIP,PubMedCLIP,UNI,Prov-GigaPath,CheXagent",concat,0,1,0.9499,0.8290,0.0000,0.0000,1264.43,26.24
chestmnist,224,"PubMedCLIP,CONCH,rad-dino,CheXagent,UNI2",concat,0,1,0.9502,0.8358,0.0000,0.0000,1175.66,22.80
chestmnist,224,"PubMedCLIP,CONCH,rad-dino,Hibou-B,UNI2",concat,0,1,0.9500,0.8228,0.0000,0.0000,1017.50,21.53
chestmnist,224,"BioMedCLIP,CONCH,UNI,Hibou-B,UNI2",concat,0,1,0.9493,0.7886,0.0000,0.0000,1058.30,20.70
chestmnist,224,"BioMedCLIP,rad-dino,UNI,CheXagent,UNI2",concat,0,1,0.9502,0.8358,0.0000,0.0000,1307.39,27.00
chestmnist,224,"BioMedCLIP,CONCH,rad-dino,UNI,CheXagent",concat,0,1,0.9505,0.8375,0.0000,0.0000,1034.88,18.74
chestmnist,224,"BioMedCLIP,CONCH,rad-dino,Prov-GigaPath,Hibou-B",concat,0,1,0.9501,0.8289,0.0000,0.0000,1011.96,18.60
chestmnist,224,"PubMedCLIP,CONCH,UNI,Prov-GigaPath,Hibou-B",concat,0,1,0.9491,0.7725,0.0000,0.0000,1084.16,19.65
chestmnist,224,"BioMedCLIP,PubMedCLIP,UNI,Prov-GigaPath,UNI2",concat,0,1,0.9496,0.7939,0.0000,0.0000,1284.12,27.53
chestmnist,224,"PubMedCLIP,CONCH,rad-dino,CheXagent,UNI2",concat,0,1,0.9502,0.8358,0.0000,0.0000,1195.28,25.47
chestmnist,224,"BioMedCLIP,CONCH,UNI,CheXagent,UNI2",concat,0,1,0.9501,0.8287,0.0000,0.0000,1221.59,24.43
chestmnist,224,"BioMedCLIP,rad-dino,Prov-GigaPath,Hibou-B,CheXagent",concat,0,1,0.9505,0.8381,0.0000,0.0000,1238.88,25.78
chestmnist,224,"BioMedCLIP,CONCH,rad-dino,UNI,UNI2",concat,0,1,0.9498,0.8266,0.0000,0.0000,1064.10,19.59
chestmnist,224,"BioMedCLIP,CONCH,rad-dino,Prov-GigaPath,CheXagent",concat,0,1,0.9506,0.8369,0.0000,0.0000,1172.35,21.43
chestmnist,224,"PubMedCLIP,CONCH,UNI,Prov-GigaPath,CheXagent",concat,0,1,0.9500,0.8265,0.0000,0.0000,1235.56,22.60
chestmnist,224,"BioMedCLIP,PubMedCLIP,UNI,Hibou-B,CheXagent",concat,0,1,0.9501,0.8253,0.0000,0.0000,1064.05,22.75
chestmnist,224,"PubMedCLIP,CONCH,UNI,Prov-GigaPath,Hibou-B",concat,0,1,0.9491,0.7725,0.0000,0.0000,1095.61,22.73
chestmnist,224,"BioMedCLIP,CONCH,Prov-GigaPath,Hibou-B,CheXagent",concat,0,1,0.9500,0.8277,0.0000,0.0000,1158.06,22.39
chestmnist,224,"BioMedCLIP,CONCH,rad-dino,Prov-GigaPath,Hibou-B",concat,0,1,0.9501,0.8289,0.0000,0.0000,1001.38,18.54
chestmnist,224,"BioMedCLIP,rad-dino,Prov-GigaPath,Hibou-B,UNI2",concat,0,1,0.9501,0.8275,0.0000,0.0000,1278.27,26.76
chestmnist,224,"BioMedCLIP,CONCH,rad-dino,Prov-GigaPath,UNI2",concat,0,1,0.9496,0.8288,0.0000,0.0000,1207.86,22.08
chestmnist,224,"BioMedCLIP,PubMedCLIP,UNI,Hibou-B,UNI2",concat,0,1,0.9493,0.7890,0.0000,0.0000,1099.99,23.27
chestmnist,224,"PubMedCLIP,CONCH,UNI,Prov-GigaPath,UNI2",concat,0,1,0.9494,0.7747,0.0000,0.0000,1278.19,22.93
chestmnist,224,"PubMedCLIP,CONCH,UNI,Hibou-B,UNI2",concat,0,1,0.9490,0.7663,0.0000,0.0000,1082.60,19.77
chestmnist,224,"PubMedCLIP,CONCH,UNI,Hibou-B,CheXagent",concat,0,1,0.9500,0.8266,0.0000,0.0000,1049.02,22.78
chestmnist,224,"PubMedCLIP,CONCH,Prov-GigaPath,Hibou-B,CheXagent",concat,0,1,0.9501,0.8271,0.0000,0.0000,1162.93,23.95
chestmnist,224,"PubMedCLIP,CONCH,Prov-GigaPath,Hibou-B,CheXagent",concat,0,1,0.9501,0.8271,0.0000,0.0000,1168.44,25.56
chestmnist,224,"PubMedCLIP,CONCH,Prov-GigaPath,Hibou-B,CheXagent",concat,0,1,0.9501,0.8271,0.0000,0.0000,1172.11,27.38
chestmnist,224,"PubMedCLIP,CONCH,Prov-GigaPath,Hibou-B,CheXagent",concat,0,1,0.9501,0.8271,0.0000,0.0000,1171.87,27.53
chestmnist,224,"PubMedCLIP,CONCH,Prov-GigaPath,Hibou-B,UNI2",concat,0,1,0.9493,0.7750,0.0000,0.0000,1209.38,21.93
chestmnist,224,"PubMedCLIP,CONCH,UNI,CheXagent,UNI2",concat,0,1,0.9499,0.8286,0.0000,0.0000,1240.87,26.27
chestmnist,224,"PubMedCLIP,CONCH,UNI,Hibou-B,UNI2",concat,0,1,0.9490,0.7663,0.0000,0.0000,1087.91,23.94
chestmnist,224,"PubMedCLIP,rad-dino,UNI,Prov-GigaPath,Hibou-B",concat,0,1,0.9503,0.8267,0.0000,0.0000,1140.69,25.11
chestmnist,224,"PubMedCLIP,CONCH,Hibou-B,CheXagent,UNI2",concat,0,1,0.9500,0.8242,0.0000,0.0000,1173.07,21.53
chestmnist,224,"PubMedCLIP,CONCH,Prov-GigaPath,CheXagent,UNI2",concat,0,1,0.9499,0.8248,0.0000,0.0000,1369.34,25.02
chestmnist,224,"PubMedCLIP,CONCH,Prov-GigaPath,Hibou-B,UNI2",concat,0,1,0.9493,0.7750,0.0000,0.0000,1204.38,22.80
chestmnist,224,"PubMedCLIP,CONCH,Prov-GigaPath,Hibou-B,CheXagent",concat,0,1,0.9501,0.8271,0.0000,0.0000,1182.01,25.46
chestmnist,224,"PubMedCLIP,rad-dino,UNI,Prov-GigaPath,CheXagent",concat,0,1,0.9503,0.8381,0.0000,0.0000,1310.22,28.20
chestmnist,224,"PubMedCLIP,rad-dino,UNI,Prov-GigaPath,UNI2",concat,0,1,0.9499,0.8248,0.0000,0.0000,1353.19,24.37
chestmnist,224,"PubMedCLIP,CONCH,UNI,CheXagent,UNI2",concat,0,1,0.9499,0.8286,0.0000,0.0000,1245.08,26.46
chestmnist,224,"PubMedCLIP,rad-dino,UNI,Hibou-B,CheXagent",concat,0,1,0.9504,0.8377,0.0000,0.0000,1111.62,24.01
chestmnist,224,"PubMedCLIP,rad-dino,UNI,Prov-GigaPath,Hibou-B",concat,0,1,0.9503,0.8267,0.0000,0.0000,1149.35,21.15
chestmnist,224,"PubMedCLIP,CONCH,Hibou-B,CheXagent,UNI2",concat,0,1,0.9500,0.8242,0.0000,0.0000,1169.01,21.20
chestmnist,224,"PubMedCLIP,CONCH,Prov-GigaPath,Hibou-B,UNI2",concat,0,1,0.9493,0.7750,0.0000,0.0000,1215.10,24.71
chestmnist,224,"PubMedCLIP,rad-dino,UNI,Hibou-B,UNI2",concat,0,1,0.9498,0.8238,0.0000,0.0000,1147.91,24.70
chestmnist,224,"PubMedCLIP,CONCH,Prov-GigaPath,CheXagent,UNI2",concat,0,1,0.9499,0.8248,0.0000,0.0000,1361.49,27.00
chestmnist,224,"PubMedCLIP,rad-dino,UNI,CheXagent,UNI2",concat,0,1,0.9506,0.8345,0.0000,0.0000,1314.86,23.77
chestmnist,224,"PubMedCLIP,CONCH,Prov-GigaPath,Hibou-B,CheXagent",concat,0,1,0.9501,0.8271,0.0000,0.0000,1183.60,24.92
chestmnist,224,"PubMedCLIP,rad-dino,Prov-GigaPath,Hibou-B,CheXagent",concat,0,1,0.9503,0.8356,0.0000,0.0000,1235.90,26.59
chestmnist,224,"PubMedCLIP,rad-dino,UNI,Prov-GigaPath,Hibou-B",concat,0,1,0.9503,0.8267,0.0000,0.0000,1144.10,20.88
chestmnist,224,"PubMedCLIP,rad-dino,UNI,Prov-GigaPath,CheXagent",concat,0,1,0.9503,0.8381,0.0000,0.0000,1307.11,24.04
chestmnist,224,"PubMedCLIP,CONCH,Hibou-B,CheXagent,UNI2",concat,0,1,0.9500,0.8242,0.0000,0.0000,1175.32,25.20
chestmnist,224,"PubMedCLIP,rad-dino,Prov-GigaPath,Hibou-B,UNI2",concat,0,1,0.9498,0.8247,0.0000,0.0000,1281.43,27.09
chestmnist,224,"PubMedCLIP,rad-dino,UNI,Prov-GigaPath,UNI2",concat,0,1,0.9499,0.8248,0.0000,0.0000,1340.75,26.10
chestmnist,224,"PubMedCLIP,rad-dino,Prov-GigaPath,CheXagent,UNI2",concat,0,1,0.9501,0.8350,0.0000,0.0000,1437.74,26.18
chestmnist,224,"PubMedCLIP,CONCH,Prov-GigaPath,Hibou-B,UNI2",concat,0,1,0.9493,0.7750,0.0000,0.0000,1219.46,26.11
chestmnist,224,"PubMedCLIP,rad-dino,UNI,Hibou-B,CheXagent",concat,0,1,0.9504,0.8377,0.0000,0.0000,1112.85,21.52
chestmnist,224,"PubMedCLIP,rad-dino,Hibou-B,CheXagent,UNI2",concat,0,1,0.9503,0.8372,0.0000,0.0000,1239.47,27.57
chestmnist,224,"PubMedCLIP,rad-dino,UNI,Hibou-B,UNI2",concat,0,1,0.9498,0.8238,0.0000,0.0000,1158.22,21.01
chestmnist,224,"PubMedCLIP,rad-dino,UNI,Prov-GigaPath,Hibou-B",concat,0,1,0.9503,0.8267,0.0000,0.0000,1155.02,23.52
chestmnist,224,"PubMedCLIP,UNI,Prov-GigaPath,Hibou-B,CheXagent",concat,0,1,0.9502,0.8260,0.0000,0.0000,1309.40,28.32
chestmnist,224,"PubMedCLIP,rad-dino,UNI,CheXagent,UNI2",concat,0,1,0.9506,0.8345,0.0000,0.0000,1303.39,23.81
chestmnist,224,"PubMedCLIP,UNI,Prov-GigaPath,Hibou-B,UNI2",concat,0,1,0.9492,0.7776,0.0000,0.0000,1345.16,24.36
chestmnist,224,"PubMedCLIP,rad-dino,Prov-GigaPath,Hibou-B,CheXagent",concat,0,1,0.9503,0.8356,0.0000,0.0000,1240.26,22.71
chestmnist,224,"PubMedCLIP,CONCH,Prov-GigaPath,CheXagent,UNI2",concat,0,1,0.9499,0.8248,0.0000,0.0000,1378.49,32.42
chestmnist,224,"PubMedCLIP,rad-dino,Prov-GigaPath,Hibou-B,UNI2",concat,0,1,0.9498,0.8247,0.0000,0.0000,1275.30,23.45
chestmnist,224,"PubMedCLIP,rad-dino,UNI,Prov-GigaPath,CheXagent",concat,0,1,0.9503,0.8381,0.0000,0.0000,1309.65,28.13
chestmnist,224,"PubMedCLIP,UNI,Prov-GigaPath,CheXagent,UNI2",concat,0,1,0.9501,0.8269,0.0000,0.0000,1488.69,32.52
chestmnist,224,"PubMedCLIP,UNI,Hibou-B,CheXagent,UNI2",concat,0,1,0.9499,0.8253,0.0000,0.0000,1310.29,27.69
chestmnist,224,"PubMedCLIP,rad-dino,Prov-GigaPath,CheXagent,UNI2",concat,0,1,0.9501,0.8350,0.0000,0.0000,1432.71,26.20
chestmnist,224,"PubMedCLIP,Prov-GigaPath,Hibou-B,CheXagent,UNI2",concat,0,1,0.9501,0.8253,0.0000,0.0000,1430.00,25.90
chestmnist,224,"PubMedCLIP,rad-dino,Hibou-B,CheXagent,UNI2",concat,0,1,0.9503,0.8372,0.0000,0.0000,1244.38,22.60
chestmnist,224,"PubMedCLIP,CONCH,Hibou-B,CheXagent,UNI2",concat,0,1,0.9500,0.8242,0.0000,0.0000,1181.30,25.37
chestmnist,224,"PubMedCLIP,UNI,Prov-GigaPath,Hibou-B,CheXagent",concat,0,1,0.9502,0.8260,0.0000,0.0000,1304.89,24.69
chestmnist,224,"CONCH,rad-dino,UNI,Prov-GigaPath,Hibou-B",concat,0,1,0.9498,0.8241,0.0000,0.0000,1139.86,24.76
chestmnist,224,"PubMedCLIP,rad-dino,UNI,Prov-GigaPath,UNI2",concat,0,1,0.9499,0.8248,0.0000,0.0000,1341.69,28.90
chestmnist,224,"CONCH,rad-dino,UNI,Prov-GigaPath,CheXagent",concat,0,1,0.9504,0.8380,0.0000,0.0000,1310.41,27.97
chestmnist,224,"PubMedCLIP,UNI,Prov-GigaPath,Hibou-B,UNI2",concat,0,1,0.9492,0.7776,0.0000,0.0000,1331.54,25.50
chestmnist,224,"CONCH,rad-dino,UNI,Prov-GigaPath,UNI2",concat,0,1,0.9498,0.8260,0.0000,0.0000,1339.29,24.45
chestmnist,224,"PubMedCLIP,rad-dino,UNI,Prov-GigaPath,Hibou-B",concat,0,1,0.9503,0.8267,0.0000,0.0000,1151.18,24.68
chestmnist,224,"CONCH,rad-dino,UNI,Hibou-B,CheXagent",concat,0,1,0.9502,0.8335,0.0000,0.0000,1108.75,24.80
chestmnist,224,"PubMedCLIP,rad-dino,UNI,Hibou-B,CheXagent",concat,0,1,0.9504,0.8377,0.0000,0.0000,1111.45,24.20
chestmnist,224,"PubMedCLIP,UNI,Prov-GigaPath,CheXagent,UNI2",concat,0,1,0.9501,0.8269,0.0000,0.0000,1501.80,27.33
chestmnist,224,"PubMedCLIP,UNI,Hibou-B,CheXagent,UNI2",concat,0,1,0.9499,0.8253,0.0000,0.0000,1302.40,24.52
chestmnist,224,"CONCH,rad-dino,UNI,Hibou-B,UNI2",concat,0,1,0.9500,0.8229,0.0000,0.0000,1145.40,24.26
chestmnist,224,"PubMedCLIP,Prov-GigaPath,Hibou-B,CheXagent,UNI2",concat,0,1,0.9501,0.8253,0.0000,0.0000,1429.61,26.23
chestmnist,224,"CONCH,rad-dino,UNI,CheXagent,UNI2",concat,0,1,0.9500,0.8347,0.0000,0.0000,1310.62,25.28
chestmnist,224,"PubMedCLIP,rad-dino,UNI,Prov-GigaPath,CheXagent",concat,0,1,0.9503,0.8381,0.0000,0.0000,1310.29,27.40
chestmnist,224,"PubMedCLIP,rad-dino,UNI,Hibou-B,UNI2",concat,0,1,0.9498,0.8238,0.0000,0.0000,1147.86,24.29
chestmnist,224,"CONCH,rad-dino,Prov-GigaPath,Hibou-B,CheXagent",concat,0,1,0.9502,0.8370,0.0000,0.0000,1235.26,27.12
chestmnist,224,"CONCH,rad-dino,UNI,Prov-GigaPath,Hibou-B",concat,0,1,0.9498,0.8241,0.0000,0.0000,1147.83,20.68
chestmnist,224,"CONCH,rad-dino,UNI,Prov-GigaPath,CheXagent",concat,0,1,0.9504,0.8380,0.0000,0.0000,1309.90,24.10
chestmnist,224,"CONCH,rad-dino,Prov-GigaPath,Hibou-B,UNI2",concat,0,1,0.9501,0.8231,0.0000,0.0000,1278.96,27.72
chestmnist,224,"CONCH,rad-dino,UNI,Prov-GigaPath,UNI2",concat,0,1,0.9498,0.8260,0.0000,0.0000,1334.10,25.51
chestmnist,224,"CONCH,rad-dino,UNI,Hibou-B,CheXagent",concat,0,1,0.9502,0.8335,0.0000,0.0000,1104.79,20.13
chestmnist,224,"CONCH,rad-dino,Hibou-B,CheXagent,UNI2",concat,0,1,0.9502,0.8366,0.0000,0.0000,1230.78,26.90
chestmnist,224,"CONCH,rad-dino,Prov-GigaPath,CheXagent,UNI2",concat,0,1,0.9501,0.8338,0.0000,0.0000,1434.08,30.54
chestmnist,224,"PubMedCLIP,rad-dino,UNI,Prov-GigaPath,UNI2",concat,0,1,0.9499,0.8248,0.0000,0.0000,1346.99,29.27
chestmnist,224,"PubMedCLIP,rad-dino,UNI,CheXagent,UNI2",concat,0,1,0.9506,0.8345,0.0000,0.0000,1309.24,27.91
chestmnist,224,"CONCH,rad-dino,UNI,Hibou-B,UNI2",concat,0,1,0.9500,0.8229,0.0000,0.0000,1156.27,22.70
chestmnist,224,"CONCH,UNI,Prov-GigaPath,Hibou-B,CheXagent",concat,0,1,0.9501,0.8270,0.0000,0.0000,1304.55,27.52
chestmnist,224,"CONCH,rad-dino,UNI,CheXagent,UNI2",concat,0,1,0.9500,0.8347,0.0000,0.0000,1302.18,23.53
chestmnist,224,"CONCH,rad-dino,Prov-GigaPath,Hibou-B,CheXagent",concat,0,1,0.9502,0.8370,0.0000,0.0000,1236.42,22.39
chestmnist,224,"PubMedCLIP,rad-dino,UNI,Hibou-B,CheXagent",concat,0,1,0.9504,0.8377,0.0000,0.0000,1114.77,24.16
chestmnist,224,"CONCH,rad-dino,Hibou-B,CheXagent,UNI2",concat,0,1,0.9502,0.8366,0.0000,0.0000,1244.85,24.18
chestmnist,224,"PubMedCLIP,rad-dino,Prov-GigaPath,Hibou-B,CheXagent",concat,0,1,0.9503,0.8356,0.0000,0.0000,1242.58,26.59
chestmnist,224,"CONCH,UNI,Prov-GigaPath,Hibou-B,UNI2",concat,0,1,0.9491,0.7774,0.0000,0.0000,1334.12,28.90
chestmnist,224,"CONCH,rad-dino,Prov-GigaPath,Hibou-B,UNI2",concat,0,1,0.9501,0.8231,0.0000,0.0000,1273.18,23.64
chestmnist,224,"CONCH,UNI,Prov-GigaPath,CheXagent,UNI2",concat,0,1,0.9502,0.8258,0.0000,0.0000,1496.56,32.20
chestmnist,224,"PubMedCLIP,rad-dino,UNI,Hibou-B,UNI2",concat,0,1,0.9498,0.8238,0.0000,0.0000,1154.72,24.85
chestmnist,224,"CONCH,UNI,Prov-GigaPath,Hibou-B,CheXagent",concat,0,1,0.9501,0.8270,0.0000,0.0000,1299.32,23.33
chestmnist,224,"CONCH,rad-dino,Prov-GigaPath,CheXagent,UNI2",concat,0,1,0.9501,0.8338,0.0000,0.0000,1435.55,25.98
chestmnist,224,"CONCH,UNI,Hibou-B,CheXagent,UNI2",concat,0,1,0.9502,0.8273,0.0000,0.0000,1308.85,25.62
chestmnist,224,"PubMedCLIP,rad-dino,Prov-GigaPath,Hibou-B,UNI2",concat,0,1,0.9498,0.8247,0.0000,0.0000,1278.87,27.50
chestmnist,224,"CONCH,rad-dino,Hibou-B,CheXagent,UNI2",concat,0,1,0.9502,0.8366,0.0000,0.0000,1235.63,22.91
chestmnist,224,"CONCH,Prov-GigaPath,Hibou-B,CheXagent,UNI2",concat,0,1,0.9502,0.8270,0.0000,0.0000,1425.11,30.77
chestmnist,224,"rad-dino,UNI,Prov-GigaPath,Hibou-B,CheXagent",concat,0,1,0.9505,0.8373,0.0000,0.0000,1371.32,29.96
chestmnist,224,"PubMedCLIP,rad-dino,UNI,CheXagent,UNI2",concat,0,1,0.9506,0.8345,0.0000,0.0000,1308.96,27.68
chestmnist,224,"CONCH,UNI,Prov-GigaPath,Hibou-B,CheXagent",concat,0,1,0.9501,0.8270,0.0000,0.0000,1297.25,23.72
chestmnist,224,"rad-dino,UNI,Prov-GigaPath,Hibou-B,UNI2",concat,0,1,0.9499,0.8239,0.0000,0.0000,1399.20,25.34
chestmnist,224,"PubMedCLIP,rad-dino,Prov-GigaPath,CheXagent,UNI2",concat,0,1,0.9501,0.8350,0.0000,0.0000,1436.27,29.70
chestmnist,224,"CONCH,UNI,Prov-GigaPath,CheXagent,UNI2",concat,0,1,0.9502,0.8258,0.0000,0.0000,1498.06,27.42
chestmnist,224,"rad-dino,UNI,Prov-GigaPath,CheXagent,UNI2",concat,0,1,0.9506,0.8350,0.0000,0.0000,1556.11,33.48
chestmnist,224,"rad-dino,UNI,Hibou-B,CheXagent,UNI2",concat,0,1,0.9504,0.8364,0.0000,0.0000,1371.73,29.56
chestmnist,224,"PubMedCLIP,rad-dino,Prov-GigaPath,Hibou-B,CheXagent",concat,0,1,0.9503,0.8356,0.0000,0.0000,1236.93,26.96
chestmnist,224,"CONCH,UNI,Hibou-B,CheXagent,UNI2",concat,0,1,0.9502,0.8273,0.0000,0.0000,1298.68,24.51
chestmnist,224,"PubMedCLIP,rad-dino,Hibou-B,CheXagent,UNI2",concat,0,1,0.9503,0.8372,0.0000,0.0000,1237.04,23.16
chestmnist,224,"rad-dino,Prov-GigaPath,Hibou-B,CheXagent,UNI2",concat,0,1,0.9504,0.8375,0.0000,0.0000,1484.88,28.09
chestmnist,224,"CONCH,Prov-GigaPath,Hibou-B,CheXagent,UNI2",concat,0,1,0.9502,0.8270,0.0000,0.0000,1426.81,26.24
chestmnist,224,"UNI,Prov-GigaPath,Hibou-B,CheXagent,UNI2",concat,0,1,0.9502,0.8269,0.0000,0.0000,1552.27,33.35
chestmnist,224,"BioMedCLIP,PubMedCLIP,CONCH,rad-dino,UNI,Prov-GigaPath",concat,0,1,0.9498,0.8281,0.0000,0.0000,1213.91,26.12
chestmnist,224,"PubMedCLIP,rad-dino,Prov-GigaPath,Hibou-B,UNI2",concat,0,1,0.9498,0.8247,0.0000,0.0000,1272.97,26.89
chestmnist,224,"rad-dino,UNI,Prov-GigaPath,Hibou-B,CheXagent",concat,0,1,0.9505,0.8373,0.0000,0.0000,1363.69,25.24
chestmnist,224,"BioMedCLIP,PubMedCLIP,CONCH,rad-dino,UNI,Hibou-B",concat,0,1,0.9499,0.8243,0.0000,0.0000,1024.86,18.24
chestmnist,224,"PubMedCLIP,UNI,Prov-GigaPath,Hibou-B,CheXagent",concat,0,1,0.9502,0.8260,0.0000,0.0000,1299.41,26.26
chestmnist,224,"rad-dino,UNI,Prov-GigaPath,Hibou-B,UNI2",concat,0,1,0.9499,0.8239,0.0000,0.0000,1403.03,25.63
chestmnist,224,"BioMedCLIP,PubMedCLIP,CONCH,rad-dino,UNI,CheXagent",concat,0,1,0.9505,0.8338,0.0000,0.0000,1171.74,25.31
chestmnist,224,"BioMedCLIP,PubMedCLIP,CONCH,rad-dino,UNI,UNI2",concat,0,1,0.9500,0.8271,0.0000,0.0000,1211.01,25.56
chestmnist,224,"PubMedCLIP,rad-dino,Prov-GigaPath,CheXagent,UNI2",concat,0,1,0.9501,0.8350,0.0000,0.0000,1432.20,30.24
chestmnist,224,"BioMedCLIP,PubMedCLIP,CONCH,rad-dino,Prov-GigaPath,Hibou-B",concat,0,1,0.9501,0.8255,0.0000,0.0000,1149.04,20.54
chestmnist,224,"PubMedCLIP,UNI,Prov-GigaPath,Hibou-B,UNI2",concat,0,1,0.9492,0.7776,0.0000,0.0000,1336.36,26.28
chestmnist,224,"rad-dino,UNI,Prov-GigaPath,CheXagent,UNI2",concat,0,1,0.9506,0.8350,0.0000,0.0000,1556.48,29.78
chestmnist,224,"BioMedCLIP,PubMedCLIP,CONCH,rad-dino,Prov-GigaPath,CheXagent",concat,0,1,0.9506,0.8384,0.0000,0.0000,1299.43,27.85
chestmnist,224,"rad-dino,UNI,Hibou-B,CheXagent,UNI2",concat,0,1,0.9504,0.8364,0.0000,0.0000,1360.15,27.92
chestmnist,224,"BioMedCLIP,PubMedCLIP,CONCH,rad-dino,Prov-GigaPath,UNI2",concat,0,1,0.9499,0.8266,0.0000,0.0000,1341.72,28.54
chestmnist,224,"BioMedCLIP,PubMedCLIP,CONCH,rad-dino,Hibou-B,CheXagent",concat,0,1,0.9505,0.8391,0.0000,0.0000,1109.59,20.13
chestmnist,224,"PubMedCLIP,rad-dino,Hibou-B,CheXagent,UNI2",concat,0,1,0.9503,0.8372,0.0000,0.0000,1237.64,26.89
chestmnist,224,"PubMedCLIP,UNI,Prov-GigaPath,CheXagent,UNI2",concat,0,1,0.9501,0.8269,0.0000,0.0000,1493.00,28.93
chestmnist,224,"BioMedCLIP,PubMedCLIP,CONCH,rad-dino,Hibou-B,UNI2",concat,0,1,0.9498,0.8261,0.0000,0.0000,1137.75,24.76
chestmnist,224,"rad-dino,Prov-GigaPath,Hibou-B,CheXagent,UNI2",concat,0,1,0.9504,0.8375,0.0000,0.0000,1492.58,31.30
chestmnist,224,"BioMedCLIP,PubMedCLIP,CONCH,rad-dino,Hibou-B,UNI2",concat,0,1,0.9498,0.8261,0.0000,0.0000,1144.23,24.43
chestmnist,224,"UNI,Prov-GigaPath,Hibou-B,CheXagent,UNI2",concat,0,1,0.9502,0.8269,0.0000,0.0000,1557.26,28.71
chestmnist,224,"BioMedCLIP,PubMedCLIP,CONCH,rad-dino,CheXagent,UNI2",concat,0,1,0.9503,0.8357,0.0000,0.0000,1301.34,24.26
chestmnist,224,"PubMedCLIP,UNI,Prov-GigaPath,Hibou-B,CheXagent",concat,0,1,0.9502,0.8260,0.0000,0.0000,1300.99,27.77
chestmnist,224,"PubMedCLIP,UNI,Hibou-B,CheXagent,UNI2",concat,0,1,0.9499,0.8253,0.0000,0.0000,1297.95,25.97
chestmnist,224,"BioMedCLIP,PubMedCLIP,CONCH,UNI,Prov-GigaPath,Hibou-B",concat,0,1,0.9494,0.7919,0.0000,0.0000,1200.83,25.58
chestmnist,224,"BioMedCLIP,PubMedCLIP,CONCH,UNI,Prov-GigaPath,CheXagent",concat,0,1,0.9502,0.8258,0.0000,0.0000,1372.24,29.60
chestmnist,224,"UNI,Prov-GigaPath,Hibou-B,CheXagent,UNI2",concat,0,1,0.9502,0.8269,0.0000,0.0000,1566.57,30.11
chestmnist,224,"BioMedCLIP,PubMedCLIP,CONCH,rad-dino,UNI,Prov-GigaPath",concat,0,1,0.9498,0.8281,0.0000,0.0000,1206.71,22.51
chestmnist,224,"BioMedCLIP,PubMedCLIP,CONCH,UNI,Prov-GigaPath,UNI2",concat,0,1,0.9494,0.7941,0.0000,0.0000,1391.19,25.69
chestmnist,224,"PubMedCLIP,UNI,Prov-GigaPath,Hibou-B,UNI2",concat,0,1,0.9492,0.7776,0.0000,0.0000,1340.14,28.44
chestmnist,224,"BioMedCLIP,PubMedCLIP,CONCH,UNI,Hibou-B,CheXagent",concat,0,1,0.9500,0.8261,0.0000,0.0000,1164.38,25.43
chestmnist,224,"BioMedCLIP,PubMedCLIP,CONCH,rad-dino,UNI,Hibou-B",concat,0,1,0.9499,0.8243,0.0000,0.0000,1012.94,18.75
chestmnist,224,"PubMedCLIP,Prov-GigaPath,Hibou-B,CheXagent,UNI2",concat,0,1,0.9501,0.8253,0.0000,0.0000,1423.03,27.59
chestmnist,224,"BioMedCLIP,PubMedCLIP,CONCH,UNI,Hibou-B,UNI2",concat,0,1,0.9494,0.7879,0.0000,0.0000,1212.08,25.69
chestmnist,224,"BioMedCLIP,PubMedCLIP,CONCH,rad-dino,UNI,CheXagent",concat,0,1,0.9505,0.8338,0.0000,0.0000,1174.48,21.56
chestmnist,224,"BioMedCLIP,PubMedCLIP,CONCH,UNI,CheXagent,UNI2",concat,0,1,0.9500,0.8291,0.0000,0.0000,1352.42,24.46
chestmnist,224,"PubMedCLIP,UNI,Prov-GigaPath,CheXagent,UNI2",concat,0,1,0.9501,0.8269,0.0000,0.0000,1494.47,32.63
chestmnist,224,"BioMedCLIP,PubMedCLIP,CONCH,Prov-GigaPath,Hibou-B,CheXagent",concat,0,1,0.9502,0.8253,0.0000,0.0000,1295.94,27.33
chestmnist,224,"CONCH,rad-dino,UNI,Prov-GigaPath,Hibou-B",concat,0,1,0.9498,0.8241,0.0000,0.0000,1142.67,21.31
chestmnist,224,"BioMedCLIP,PubMedCLIP,CONCH,rad-dino,UNI,UNI2",concat,0,1,0.9500,0.8271,0.0000,0.0000,1214.98,22.03
chestmnist,224,"BioMedCLIP,PubMedCLIP,CONCH,rad-dino,Prov-GigaPath,Hibou-B",concat,0,1,0.9501,0.8255,0.0000,0.0000,1139.86,21.04
chestmnist,224,"BioMedCLIP,PubMedCLIP,CONCH,Prov-GigaPath,Hibou-B,UNI2",concat,0,1,0.9493,0.7942,0.0000,0.0000,1335.29,28.54
chestmnist,224,"PubMedCLIP,UNI,Hibou-B,CheXagent,UNI2",concat,0,1,0.9499,0.8253,0.0000,0.0000,1297.78,28.91
chestmnist,224,"BioMedCLIP,PubMedCLIP,CONCH,Prov-GigaPath,CheXagent,UNI2",concat,0,1,0.9498,0.8250,0.0000,0.0000,1479.03,28.55
chestmnist,224,"BioMedCLIP,PubMedCLIP,CONCH,Hibou-B,CheXagent,UNI2",concat,0,1,0.9501,0.8266,0.0000,0.0000,1292.02,28.22
chestmnist,224,"CONCH,rad-dino,UNI,Prov-GigaPath,CheXagent",concat,0,1,0.9504,0.8380,0.0000,0.0000,1304.73,26.31
chestmnist,224,"BioMedCLIP,PubMedCLIP,CONCH,rad-dino,Prov-GigaPath,CheXagent",concat,0,1,0.9506,0.8384,0.0000,0.0000,1301.72,23.88
chestmnist,224,"BioMedCLIP,PubMedCLIP,CONCH,rad-dino,Prov-GigaPath,UNI2",concat,0,1,0.9499,0.8266,0.0000,0.0000,1336.19,24.64
chestmnist,224,"BioMedCLIP,PubMedCLIP,rad-dino,UNI,Prov-GigaPath,Hibou-B",concat,0,1,0.9500,0.8282,0.0000,0.0000,1275.69,27.77
chestmnist,224,"BioMedCLIP,PubMedCLIP,rad-dino,UNI,Prov-GigaPath,CheXagent",concat,0,1,0.9502,0.8365,0.0000,0.0000,1423.23,27.41
chestmnist,224,"PubMedCLIP,Prov-GigaPath,Hibou-B,CheXagent,UNI2",concat,0,1,0.9501,0.8253,0.0000,0.0000,1433.99,28.37
chestmnist,224,"BioMedCLIP,PubMedCLIP,CONCH,rad-dino,Hibou-B,CheXagent",concat,0,1,0.9505,0.8391,0.0000,0.0000,1112.35,20.45
chestmnist,224,"CONCH,rad-dino,UNI,Prov-GigaPath,UNI2",concat,0,1,0.9498,0.8260,0.0000,0.0000,1339.34,25.68
chestmnist,224,"BioMedCLIP,PubMedCLIP,CONCH,rad-dino,Hibou-B,UNI2",concat,0,1,0.9498,0.8261,0.0000,0.0000,1144.54,23.97
chestmnist,224,"BioMedCLIP,PubMedCLIP,rad-dino,UNI,Prov-GigaPath,UNI2",concat,0,1,0.9501,0.8274,0.0000,0.0000,1458.43,32.03
chestmnist,224,"BioMedCLIP,PubMedCLIP,rad-dino,UNI,Hibou-B,CheXagent",concat,0,1,0.9505,0.8371,0.0000,0.0000,1239.88,26.33
chestmnist,224,"BioMedCLIP,CONCH,rad-dino,UNI,Hibou-B,UNI2",concat,0,1,0.9500,0.8240,0.0000,0.0000,1273.40,27.45
chestmnist,224,"PubMedCLIP,CONCH,UNI,Prov-GigaPath,Hibou-B,CheXagent",concat,0,1,0.9502,0.8253,0.0000,0.0000,1432.93,26.16
chestmnist,224,"BioMedCLIP,PubMedCLIP,UNI,Hibou-B,CheXagent,UNI2",concat,0,1,0.9503,0.8279,0.0000,0.0000,1424.86,26.16
chestmnist,224,"BioMedCLIP,PubMedCLIP,rad-dino,UNI,CheXagent,UNI2",concat,0,1,0.9507,0.8378,0.0000,0.0000,1434.91,26.12
chestmnist,224,"BioMedCLIP,PubMedCLIP,CONCH,rad-dino,UNI,CheXagent,UNI2",concat,0,1,0.9506,0.8355,0.0000,0.0000,1562.93,33.31
chestmnist,224,"BioMedCLIP,PubMedCLIP,CONCH,UNI,Hibou-B,CheXagent,UNI2",concat,0,1,0.9501,0.8269,0.0000,0.0000,1565.68,33.84
chestmnist,224,"CONCH,UNI,Prov-GigaPath,Hibou-B,CheXagent,UNI2",concat,0,1,0.9501,0.8262,0.0000,0.0000,1694.01,31.14
chestmnist,224,"BioMedCLIP,PubMedCLIP,CONCH,rad-dino,Prov-GigaPath,Hibou-B,CheXagent,UNI2",concat,0,1,0.9504,0.8338,0.0000,0.0000,1889.67,40.50
chestmnist,224,"BioMedCLIP,CONCH,rad-dino,UNI,Hibou-B,UNI2",concat,0,1,0.9500,0.8240,0.0000,0.0000,1273.15,23.42
chestmnist,224,"BioMedCLIP,PubMedCLIP,rad-dino,UNI,Prov-GigaPath,Hibou-B,UNI2",concat,0,1,0.9497,0.8267,0.0000,0.0000,1670.02,35.32
chestmnist,224,"PubMedCLIP,CONCH,UNI,Prov-GigaPath,Hibou-B,CheXagent",concat,0,1,0.9502,0.8253,0.0000,0.0000,1440.09,30.95
chestmnist,224,"BioMedCLIP,CONCH,rad-dino,UNI,Prov-GigaPath,Hibou-B,UNI2",concat,0,1,0.9499,0.8253,0.0000,0.0000,1664.44,30.35
chestmnist,224,"BioMedCLIP,PubMedCLIP,rad-dino,UNI,CheXagent,UNI2",concat,0,1,0.9507,0.8378,0.0000,0.0000,1439.46,26.17
chestmnist,224,"BioMedCLIP,PubMedCLIP,UNI,Prov-GigaPath,Hibou-B,CheXagent,UNI2",concat,0,1,0.9501,0.8250,0.0000,0.0000,1825.14,32.99
chestmnist,224,"BioMedCLIP,CONCH,rad-dino,UNI,Prov-GigaPath,CheXagent,UNI2",concat,0,1,0.9508,0.8366,0.0000,0.0000,1829.71,39.29
chestmnist,224,"CONCH,UNI,Prov-GigaPath,Hibou-B,CheXagent,UNI2",concat,0,1,0.9501,0.8262,0.0000,0.0000,1696.11,35.99
chestmnist,224,"BioMedCLIP,PubMedCLIP,UNI,Hibou-B,CheXagent,UNI2",concat,0,1,0.9503,0.8279,0.0000,0.0000,1435.99,26.06
chestmnist,224,"BioMedCLIP,CONCH,rad-dino,UNI,Hibou-B,UNI2",concat,0,1,0.9500,0.8240,0.0000,0.0000,1268.83,26.72
chestmnist,224,"PubMedCLIP,CONCH,rad-dino,Hibou-B,CheXagent,UNI2",concat,0,1,0.9501,0.8348,0.0000,0.0000,1373.22,25.02
chestmnist,224,"BioMedCLIP,PubMedCLIP,Prov-GigaPath,Hibou-B,CheXagent,UNI2",concat,0,1,0.9500,0.8279,0.0000,0.0000,1577.23,32.50
chestmnist,224,"BioMedCLIP,PubMedCLIP,CONCH,UNI,Hibou-B,CheXagent,UNI2",concat,0,1,0.9501,0.8269,0.0000,0.0000,1563.47,32.16
chestmnist,224,"BioMedCLIP,PubMedCLIP,CONCH,rad-dino,Prov-GigaPath,Hibou-B,UNI2",concat,0,1,0.9499,0.8247,0.0000,0.0000,1545.86,27.76
chestmnist,224,"BioMedCLIP,PubMedCLIP,CONCH,rad-dino,Prov-GigaPath,Hibou-B,CheXagent",concat,0,1,0.9507,0.8352,0.0000,0.0000,1502.42,32.42
chestmnist,224,"BioMedCLIP,PubMedCLIP,rad-dino,UNI,CheXagent,UNI2",concat,0,1,0.9507,0.8378,0.0000,0.0000,1447.67,30.28
chestmnist,224,"BioMedCLIP,PubMedCLIP,UNI,Hibou-B,CheXagent,UNI2",concat,0,1,0.9503,0.8279,0.0000,0.0000,1442.30,31.35
chestmnist,224,"PubMedCLIP,CONCH,rad-dino,Hibou-B,CheXagent,UNI2",concat,0,1,0.9501,0.8348,0.0000,0.0000,1374.94,31.83
chestmnist,224,"BioMedCLIP,PubMedCLIP,CONCH,rad-dino,Prov-GigaPath,Hibou-B,CheXagent,UNI2",concat,0,1,0.9504,0.8338,0.0000,0.0000,1907.00,33.96
chestmnist,224,"PubMedCLIP,UNI,Prov-GigaPath,Hibou-B,CheXagent,UNI2",concat,0,1,0.9498,0.8233,0.0000,0.0000,1693.06,31.24
chestmnist,224,"CONCH,rad-dino,UNI,Hibou-B,CheXagent,UNI2",concat,0,1,0.9505,0.8383,0.0000,0.0000,1517.84,27.21
chestmnist,224,"BioMedCLIP,PubMedCLIP,rad-dino,UNI,Prov-GigaPath,Hibou-B,UNI2",concat,0,1,0.9497,0.8267,0.0000,0.0000,1667.80,31.27
chestmnist,224,"PubMedCLIP,CONCH,rad-dino,UNI,Prov-GigaPath,CheXagent",concat,0,1,0.9503,0.8357,0.0000,0.0000,1444.39,31.27
chestmnist,224,"BioMedCLIP,PubMedCLIP,CONCH,UNI,Hibou-B,CheXagent,UNI2",concat,0,1,0.9501,0.8269,0.0000,0.0000,1570.07,33.29
chestmnist,224,"CONCH,UNI,Prov-GigaPath,Hibou-B,CheXagent,UNI2",concat,0,1,0.9501,0.8262,0.0000,0.0000,1688.42,35.39
chestmnist,224,"BioMedCLIP,PubMedCLIP,CONCH,rad-dino,Prov-GigaPath,Hibou-B,UNI2",concat,0,1,0.9499,0.8247,0.0000,0.0000,1544.73,32.94
chestmnist,224,"BioMedCLIP,PubMedCLIP,rad-dino,UNI,CheXagent,UNI2",concat,0,1,0.9507,0.8378,0.0000,0.0000,1444.72,26.57
chestmnist,224,"BioMedCLIP,rad-dino,Prov-GigaPath,Hibou-B,CheXagent,UNI2",concat,0,1,0.9505,0.8375,0.0000,0.0000,1632.20,30.38
chestmnist,224,"BioMedCLIP,PubMedCLIP,CONCH,rad-dino,UNI,Prov-GigaPath,Hibou-B",concat,0,1,0.9500,0.8271,0.0000,0.0000,1409.36,30.59
chestmnist,224,"BioMedCLIP,CONCH,rad-dino,UNI,Prov-GigaPath,Hibou-B,UNI2",concat,0,1,0.9499,0.8253,0.0000,0.0000,1668.06,30.19
chestmnist,224,"BioMedCLIP,PubMedCLIP,CONCH,rad-dino,Prov-GigaPath,CheXagent,UNI2",concat,0,1,0.9505,0.8351,0.0000,0.0000,1719.33,30.11
chestmnist,224,"BioMedCLIP,PubMedCLIP,rad-dino,UNI,Prov-GigaPath,Hibou-B,UNI2",concat,0,1,0.9497,0.8267,0.0000,0.0000,1675.21,34.37
chestmnist,224,"BioMedCLIP,PubMedCLIP,CONCH,UNI,Hibou-B,CheXagent,UNI2",concat,0,1,0.9501,0.8269,0.0000,0.0000,1555.76,33.27
chestmnist,224,"BioMedCLIP,PubMedCLIP,CONCH,rad-dino,Prov-GigaPath,Hibou-B,CheXagent",concat,0,1,0.9507,0.8352,0.0000,0.0000,1498.88,31.75
chestmnist,224,"BioMedCLIP,PubMedCLIP,UNI,Prov-GigaPath,Hibou-B,CheXagent,UNI2",concat,0,1,0.9501,0.8250,0.0000,0.0000,1820.10,32.91
chestmnist,224,"BioMedCLIP,rad-dino,UNI,Prov-GigaPath,Hibou-B,CheXagent",concat,0,1,0.9506,0.8387,0.0000,0.0000,1509.35,31.69
chestmnist,224,"BioMedCLIP,PubMedCLIP,CONCH,rad-dino,UNI,Prov-GigaPath,Hibou-B",concat,0,1,0.9500,0.8271,0.0000,0.0000,1412.25,25.48
chestmnist,224,"BioMedCLIP,PubMedCLIP,CONCH,UNI,Prov-GigaPath,CheXagent,UNI2",concat,0,1,0.9501,0.8258,0.0000,0.0000,1747.91,31.87
chestmnist,224,"BioMedCLIP,CONCH,rad-dino,UNI,Prov-GigaPath,CheXagent,UNI2",concat,0,1,0.9508,0.8366,0.0000,0.0000,1823.28,32.80
chestmnist,224,"BioMedCLIP,CONCH,rad-dino,UNI,Prov-GigaPath,Hibou-B,UNI2",concat,0,1,0.9499,0.8253,0.0000,0.0000,1668.24,35.90
chestmnist,224,"BioMedCLIP,PubMedCLIP,rad-dino,UNI,Prov-GigaPath,Hibou-B,UNI2",concat,0,1,0.9497,0.8267,0.0000,0.0000,1670.67,34.86
chestmnist,224,"PubMedCLIP,UNI,Prov-GigaPath,Hibou-B,CheXagent,UNI2",concat,0,1,0.9498,0.8233,0.0000,0.0000,1691.73,35.73
chestmnist,224,"BioMedCLIP,PubMedCLIP,Prov-GigaPath,Hibou-B,CheXagent,UNI2",concat,0,1,0.9500,0.8279,0.0000,0.0000,1557.48,28.48
chestmnist,224,"BioMedCLIP,rad-dino,UNI,Prov-GigaPath,Hibou-B,CheXagent",concat,0,1,0.9506,0.8387,0.0000,0.0000,1514.31,27.17
chestmnist,224,"rad-dino,UNI,Prov-GigaPath,Hibou-B,CheXagent,UNI2",concat,0,1,0.9501,0.8364,0.0000,0.0000,1771.17,36.31
chestmnist,224,"BioMedCLIP,PubMedCLIP,UNI,Prov-GigaPath,CheXagent,UNI2",concat,0,1,0.9501,0.8277,0.0000,0.0000,1618.00,29.40
chestmnist,224,"PubMedCLIP,CONCH,rad-dino,Hibou-B,CheXagent,UNI2",concat,0,1,0.9501,0.8348,0.0000,0.0000,1367.64,24.92
chestmnist,224,"BioMedCLIP,PubMedCLIP,UNI,Prov-GigaPath,Hibou-B,CheXagent,UNI2",concat,0,1,0.9501,0.8250,0.0000,0.0000,1835.69,39.36
chestmnist,224,"CONCH,rad-dino,UNI,Hibou-B,CheXagent,UNI2",concat,0,1,0.9505,0.8383,0.0000,0.0000,1507.17,31.32
chestmnist,224,"BioMedCLIP,CONCH,rad-dino,UNI,Prov-GigaPath,Hibou-B,UNI2",concat,0,1,0.9499,0.8253,0.0000,0.0000,1666.96,34.87
chestmnist,224,"BioMedCLIP,PubMedCLIP,CONCH,rad-dino,Prov-GigaPath,Hibou-B,UNI2",concat,0,1,0.9499,0.8247,0.0000,0.0000,1538.91,27.73
chestmnist,224,"PubMedCLIP,CONCH,rad-dino,UNI,Prov-GigaPath,Hibou-B",concat,0,1,0.9500,0.8259,0.0000,0.0000,1271.97,23.26
chestmnist,224,"BioMedCLIP,CONCH,UNI,Prov-GigaPath,Hibou-B,CheXagent",concat,0,1,0.9503,0.8261,0.0000,0.0000,1452.00,26.02
chestmnist,224,"BioMedCLIP,PubMedCLIP,CONCH,rad-dino,UNI,Hibou-B,CheXagent",concat,0,1,0.9503,0.8380,0.0000,0.0000,1373.98,29.78
chestmnist,224,"BioMedCLIP,PubMedCLIP,CONCH,rad-dino,Prov-GigaPath,Hibou-B,CheXagent",concat,0,1,0.9507,0.8352,0.0000,0.0000,1499.53,27.13
chestmnist,224,"PubMedCLIP,CONCH,rad-dino,UNI,Prov-GigaPath,CheXagent",concat,0,1,0.9503,0.8357,0.0000,0.0000,1436.72,30.54
chestmnist,224,"BioMedCLIP,CONCH,rad-dino,UNI,Prov-GigaPath,CheXagent,UNI2",concat,0,1,0.9508,0.8366,0.0000,0.0000,1837.97,38.14
chestmnist,224,"PubMedCLIP,CONCH,rad-dino,UNI,Prov-GigaPath,Hibou-B",concat,0,1,0.9500,0.8259,0.0000,0.0000,1282.81,23.39
chestmnist,224,"PubMedCLIP,CONCH,rad-dino,UNI,CheXagent,UNI2",concat,0,1,0.9500,0.8363,0.0000,0.0000,1438.98,30.66
chestmnist,224,"BioMedCLIP,CONCH,rad-dino,UNI,Hibou-B,CheXagent,UNI2",concat,0,1,0.9503,0.8354,0.0000,0.0000,1616.22,29.47
chestmnist,224,"PubMedCLIP,UNI,Prov-GigaPath,Hibou-B,CheXagent,UNI2",concat,0,1,0.9498,0.8233,0.0000,0.0000,1696.09,30.54
chestmnist,224,"BioMedCLIP,PubMedCLIP,UNI,Prov-GigaPath,Hibou-B,CheXagent,UNI2",concat,0,1,0.9501,0.8250,0.0000,0.0000,1831.19,39.79
chestmnist,224,"CONCH,rad-dino,UNI,Hibou-B,CheXagent,UNI2",concat,0,1,0.9505,0.8383,0.0000,0.0000,1499.48,27.27
chestmnist,224,"BioMedCLIP,PubMedCLIP,Prov-GigaPath,Hibou-B,CheXagent,UNI2",concat,0,1,0.9500,0.8279,0.0000,0.0000,1571.66,36.04
chestmnist,224,"BioMedCLIP,rad-dino,Prov-GigaPath,Hibou-B,CheXagent,UNI2",concat,0,1,0.9505,0.8375,0.0000,0.0000,1636.28,36.94
chestmnist,224,"PubMedCLIP,CONCH,UNI,Prov-GigaPath,CheXagent,UNI2",concat,0,1,0.9500,0.8260,0.0000,0.0000,1642.08,29.52
chestmnist,224,"PubMedCLIP,CONCH,rad-dino,UNI,CheXagent,UNI2",concat,0,1,0.9500,0.8363,0.0000,0.0000,1431.39,26.03
chestmnist,224,"PubMedCLIP,CONCH,rad-dino,UNI,Prov-GigaPath,CheXagent",concat,0,1,0.9503,0.8357,0.0000,0.0000,1436.93,26.03
chestmnist,224,"BioMedCLIP,PubMedCLIP,rad-dino,UNI,Hibou-B,CheXagent,UNI2",concat,0,1,0.9503,0.8351,0.0000,0.0000,1643.70,34.67
chestmnist,224,"BioMedCLIP,PubMedCLIP,CONCH,rad-dino,Prov-GigaPath,CheXagent,UNI2",concat,0,1,0.9505,0.8351,0.0000,0.0000,1689.21,30.76
chestmnist,224,"BioMedCLIP,CONCH,rad-dino,UNI,Prov-GigaPath,CheXagent,UNI2",concat,0,1,0.9508,0.8366,0.0000,0.0000,1830.87,38.90
chestmnist,224,"PubMedCLIP,CONCH,rad-dino,Hibou-B,CheXagent,UNI2",concat,0,1,0.9501,0.8348,0.0000,0.0000,1371.26,28.74
chestmnist,224,"BioMedCLIP,PubMedCLIP,CONCH,rad-dino,UNI,Prov-GigaPath,Hibou-B",concat,0,1,0.9500,0.8271,0.0000,0.0000,1412.52,29.80
chestmnist,224,"PubMedCLIP,rad-dino,UNI,Hibou-B,CheXagent,UNI2",concat,0,1,0.9503,0.8361,0.0000,0.0000,1511.54,31.92
chestmnist,224,"PubMedCLIP,CONCH,UNI,Prov-GigaPath,CheXagent,UNI2",concat,0,1,0.9500,0.8260,0.0000,0.0000,1622.36,31.22
chestmnist,224,"BioMedCLIP,rad-dino,Prov-GigaPath,Hibou-B,CheXagent,UNI2",concat,0,1,0.9505,0.8375,0.0000,0.0000,1635.48,29.79
chestmnist,224,"BioMedCLIP,PubMedCLIP,CONCH,rad-dino,UNI,Prov-GigaPath,CheXagent,UNI2",concat,0,1,0.9506,0.8341,0.0000,0.0000,1965.96,35.14
chestmnist,224,"BioMedCLIP,PubMedCLIP,Prov-GigaPath,Hibou-B,CheXagent,UNI2",concat,0,1,0.9500,0.8279,0.0000,0.0000,1563.90,33.69
chestmnist,224,"BioMedCLIP,PubMedCLIP,CONCH,UNI,Prov-GigaPath,CheXagent,UNI2",concat,0,1,0.9501,0.8258,0.0000,0.0000,1749.90,31.55
chestmnist,224,"BioMedCLIP,PubMedCLIP,CONCH,rad-dino,Prov-GigaPath,Hibou-B,UNI2",concat,0,1,0.9499,0.8247,0.0000,0.0000,1535.90,34.04
chestmnist,224,"BioMedCLIP,rad-dino,UNI,Prov-GigaPath,Hibou-B,CheXagent",concat,0,1,0.9506,0.8387,0.0000,0.0000,1495.78,34.09
chestmnist,224,"BioMedCLIP,PubMedCLIP,CONCH,rad-dino,UNI,Prov-GigaPath,UNI2",concat,0,1,0.9501,0.8275,0.0000,0.0000,1607.27,34.24
chestmnist,224,"BioMedCLIP,PubMedCLIP,rad-dino,UNI,Hibou-B,CheXagent,UNI2",concat,0,1,0.9503,0.8351,0.0000,0.0000,1619.75,30.24
chestmnist,224,"PubMedCLIP,rad-dino,UNI,Hibou-B,CheXagent,UNI2",concat,0,1,0.9503,0.8361,0.0000,0.0000,1509.17,27.71
chestmnist,224,"BioMedCLIP,PubMedCLIP,CONCH,rad-dino,Prov-GigaPath,CheXagent,UNI2",concat,0,1,0.9505,0.8351,0.0000,0.0000,1690.73,31.07
chestmnist,224,"PubMedCLIP,CONCH,rad-dino,Hibou-B,CheXagent,UNI2",concat,0,1,0.9501,0.8348,0.0000,0.0000,1374.98,29.07
chestmnist,224,"rad-dino,UNI,Prov-GigaPath,Hibou-B,CheXagent,UNI2",concat,0,1,0.9501,0.8364,0.0000,0.0000,1753.78,31.67
chestmnist,224,"BioMedCLIP,PubMedCLIP,CONCH,rad-dino,Prov-GigaPath,Hibou-B,CheXagent",concat,0,1,0.9507,0.8352,0.0000,0.0000,1500.17,32.47
chestmnist,224,"BioMedCLIP,PubMedCLIP,UNI,Prov-GigaPath,CheXagent,UNI2",concat,0,1,0.9501,0.8277,0.0000,0.0000,1632.00,35.26
chestmnist,224,"PubMedCLIP,CONCH,UNI,Hibou-B,CheXagent,UNI2",concat,0,1,0.9500,0.8278,0.0000,0.0000,1430.29,30.79
chestmnist,224,"BioMedCLIP,PubMedCLIP,CONCH,rad-dino,UNI,Prov-GigaPath,Hibou-B",concat,0,1,0.9500,0.8271,0.0000,0.0000,1404.32,25.51
chestmnist,224,"BioMedCLIP,PubMedCLIP,CONCH,rad-dino,Prov-GigaPath,Hibou-B,UNI2",concat,0,1,0.9499,0.8247,0.0000,0.0000,1528.86,32.01
chestmnist,224,"BioMedCLIP,PubMedCLIP,CONCH,rad-dino,UNI,Prov-GigaPath,UNI2",concat,0,1,0.9501,0.8275,0.0000,0.0000,1608.99,28.96
chestmnist,224,"BioMedCLIP,PubMedCLIP,CONCH,rad-dino,UNI,Prov-GigaPath,CheXagent,UNI2",concat,0,1,0.9506,0.8341,0.0000,0.0000,1942.75,37.56
chestmnist,224,"BioMedCLIP,CONCH,UNI,Prov-GigaPath,Hibou-B,CheXagent",concat,0,1,0.9503,0.8261,0.0000,0.0000,1428.12,26.19
chestmnist,224,"BioMedCLIP,PubMedCLIP,CONCH,rad-dino,UNI,Hibou-B,CheXagent",concat,0,1,0.9503,0.8380,0.0000,0.0000,1383.10,29.62
chestmnist,224,"PubMedCLIP,UNI,Prov-GigaPath,Hibou-B,CheXagent,UNI2",concat,0,1,0.9498,0.8233,0.0000,0.0000,1701.65,35.14
chestmnist,224,"PubMedCLIP,rad-dino,UNI,Prov-GigaPath,CheXagent,UNI2",concat,0,1,0.9502,0.8374,0.0000,0.0000,1703.75,35.58
chestmnist,224,"PubMedCLIP,CONCH,UNI,Hibou-B,CheXagent,UNI2",concat,0,1,0.9500,0.8278,0.0000,0.0000,1428.88,26.10
chestmnist,224,"BioMedCLIP,PubMedCLIP,CONCH,rad-dino,Prov-GigaPath,Hibou-B,CheXagent",concat,0,1,0.9507,0.8352,0.0000,0.0000,1501.96,32.34
chestmnist,224,"BioMedCLIP,PubMedCLIP,CONCH,UNI,Prov-GigaPath,CheXagent,UNI2",concat,0,1,0.9501,0.8258,0.0000,0.0000,1763.44,31.67
chestmnist,224,"PubMedCLIP,CONCH,rad-dino,UNI,Prov-GigaPath,Hibou-B",concat,0,1,0.9500,0.8259,0.0000,0.0000,1279.13,23.29
chestmnist,224,"PubMedCLIP,rad-dino,UNI,Hibou-B,CheXagent,UNI2",concat,0,1,0.9503,0.8361,0.0000,0.0000,1501.81,29.75
chestmnist,224,"BioMedCLIP,CONCH,rad-dino,UNI,Hibou-B,CheXagent,UNI2",concat,0,1,0.9503,0.8354,0.0000,0.0000,1634.74,34.22
chestmnist,224,"CONCH,rad-dino,UNI,Hibou-B,CheXagent,UNI2",concat,0,1,0.9505,0.8383,0.0000,0.0000,1505.45,31.82
chestmnist,224,"PubMedCLIP,rad-dino,UNI,Prov-GigaPath,Hibou-B,CheXagent",concat,0,1,0.9503,0.8359,0.0000,0.0000,1498.86,32.09
chestmnist,224,"BioMedCLIP,rad-dino,UNI,Prov-GigaPath,Hibou-B,CheXagent",concat,0,1,0.9506,0.8387,0.0000,0.0000,1508.63,27.23
chestmnist,224,"PubMedCLIP,CONCH,rad-dino,UNI,CheXagent,UNI2",concat,0,1,0.9500,0.8363,0.0000,0.0000,1425.87,26.11
chestmnist,224,"PubMedCLIP,rad-dino,UNI,Prov-GigaPath,CheXagent,UNI2",concat,0,1,0.9502,0.8374,0.0000,0.0000,1712.88,30.59
chestmnist,224,"PubMedCLIP,UNI,Prov-GigaPath,Hibou-B,CheXagent,UNI2",concat,0,1,0.9498,0.8233,0.0000,0.0000,1689.33,35.73
chestmnist,224,"BioMedCLIP,PubMedCLIP,CONCH,rad-dino,UNI,Prov-GigaPath,UNI2",concat,0,1,0.9501,0.8275,0.0000,0.0000,1596.99,29.86
chestmnist,224,"PubMedCLIP,CONCH,rad-dino,UNI,Prov-GigaPath,CheXagent",concat,0,1,0.9503,0.8357,0.0000,0.0000,1444.26,30.01
chestmnist,224,"PubMedCLIP,CONCH,UNI,Prov-GigaPath,CheXagent,UNI2",concat,0,1,0.9500,0.8260,0.0000,0.0000,1634.23,34.71
chestmnist,224,"PubMedCLIP,rad-dino,UNI,Prov-GigaPath,Hibou-B,CheXagent",concat,0,1,0.9503,0.8359,0.0000,0.0000,1507.85,27.22
chestmnist,224,"CONCH,rad-dino,UNI,Hibou-B,CheXagent,UNI2",concat,0,1,0.9505,0.8383,0.0000,0.0000,1494.47,32.43
chestmnist,224,"PubMedCLIP,CONCH,UNI,Hibou-B,CheXagent,UNI2",concat,0,1,0.9500,0.8278,0.0000,0.0000,1430.61,26.51
chestmnist,224,"BioMedCLIP,PubMedCLIP,rad-dino,UNI,Hibou-B,CheXagent,UNI2",concat,0,1,0.9503,0.8351,0.0000,0.0000,1629.31,30.06
chestmnist,224,"rad-dino,UNI,Prov-GigaPath,Hibou-B,CheXagent,UNI2",concat,0,1,0.9501,0.8364,0.0000,0.0000,1769.66,32.28
chestmnist,224,"PubMedCLIP,CONCH,rad-dino,UNI,Prov-GigaPath,Hibou-B,CheXagent,UNI2",concat,0,1,0.9504,0.8344,0.0000,0.0000,2038.00,42.20
chestmnist,224,"BioMedCLIP,rad-dino,Prov-GigaPath,Hibou-B,CheXagent,UNI2",concat,0,1,0.9505,0.8375,0.0000,0.0000,1637.31,35.22
chestmnist,224,"BioMedCLIP,PubMedCLIP,CONCH,rad-dino,UNI,Prov-GigaPath,CheXagent,UNI2",concat,0,1,0.9506,0.8341,0.0000,0.0000,1997.52,41.58
chestmnist,224,"PubMedCLIP,CONCH,rad-dino,UNI,Prov-GigaPath,CheXagent",concat,0,1,0.9503,0.8357,0.0000,0.0000,1427.16,31.12
chestmnist,224,"PubMedCLIP,rad-dino,UNI,Hibou-B,CheXagent,UNI2",concat,0,1,0.9503,0.8361,0.0000,0.0000,1494.45,27.34
chestmnist,224,"CONCH,rad-dino,UNI,Prov-GigaPath,CheXagent,UNI2",concat,0,1,0.9505,0.8349,0.0000,0.0000,1696.57,30.60
chestmnist,224,"PubMedCLIP,rad-dino,UNI,Prov-GigaPath,CheXagent,UNI2",concat,0,1,0.9502,0.8374,0.0000,0.0000,1690.45,30.91
chestmnist,224,"BioMedCLIP,PubMedCLIP,UNI,Prov-GigaPath,CheXagent,UNI2",concat,0,1,0.9501,0.8277,0.0000,0.0000,1630.14,31.37
chestmnist,224,"PubMedCLIP,CONCH,rad-dino,UNI,Prov-GigaPath,Hibou-B,UNI2",concat,0,1,0.9500,0.8230,0.0000,0.0000,1659.62,35.71
chestmnist,224,"BioMedCLIP,PubMedCLIP,CONCH,rad-dino,Prov-GigaPath,CheXagent,UNI2",concat,0,1,0.9505,0.8351,0.0000,0.0000,1703.70,37.04
chestmnist,224,"BioMedCLIP,PubMedCLIP,CONCH,rad-dino,UNI,Prov-GigaPath,UNI2",concat,0,1,0.9501,0.8275,0.0000,0.0000,1612.49,33.80
chestmnist,224,"PubMedCLIP,CONCH,UNI,Hibou-B,CheXagent,UNI2",concat,0,1,0.9500,0.8278,0.0000,0.0000,1429.33,26.14
chestmnist,224,"BioMedCLIP,rad-dino,Prov-GigaPath,Hibou-B,CheXagent,UNI2",concat,0,1,0.9505,0.8375,0.0000,0.0000,1627.81,34.91
chestmnist,224,"BioMedCLIP,CONCH,rad-dino,UNI,Prov-GigaPath,CheXagent",concat,0,1,0.9504,0.8365,0.0000,0.0000,1448.96,25.71
chestmnist,224,"PubMedCLIP,CONCH,rad-dino,UNI,Hibou-B,UNI2",concat,0,1,0.9498,0.8220,0.0000,0.0000,1287.70,27.23
chestmnist,224,"BioMedCLIP,CONCH,UNI,Prov-GigaPath,Hibou-B,CheXagent",concat,0,1,0.9503,0.8261,0.0000,0.0000,1429.20,26.22
chestmnist,224,"PubMedCLIP,rad-dino,UNI,Prov-GigaPath,Hibou-B,CheXagent",concat,0,1,0.9503,0.8359,0.0000,0.0000,1501.59,27.19
chestmnist,224,"BioMedCLIP,PubMedCLIP,CONCH,rad-dino,UNI,Prov-GigaPath,Hibou-B",concat,0,1,0.9500,0.8271,0.0000,0.0000,1405.39,30.57
chestmnist,224,"BioMedCLIP,PubMedCLIP,CONCH,rad-dino,UNI,Hibou-B,CheXagent",concat,0,1,0.9503,0.8380,0.0000,0.0000,1366.78,25.00
chestmnist,224,"PubMedCLIP,CONCH,rad-dino,Prov-GigaPath,Hibou-B,UNI2",concat,0,1,0.9498,0.8264,0.0000,0.0000,1400.11,30.06
chestmnist,224,"PubMedCLIP,rad-dino,UNI,Prov-GigaPath,CheXagent,UNI2",concat,0,1,0.9502,0.8374,0.0000,0.0000,1708.42,35.73
chestmnist,224,"BioMedCLIP,CONCH,UNI,Prov-GigaPath,CheXagent,UNI2",concat,0,1,0.9502,0.8268,0.0000,0.0000,1632.37,29.39
chestmnist,224,"BioMedCLIP,PubMedCLIP,CONCH,rad-dino,Prov-GigaPath,CheXagent,UNI2",concat,0,1,0.9505,0.8351,0.0000,0.0000,1696.44,36.11
chestmnist,224,"CONCH,rad-dino,UNI,Prov-GigaPath,CheXagent,UNI2",concat,0,1,0.9505,0.8349,0.0000,0.0000,1688.56,32.82
chestmnist,224,"PubMedCLIP,CONCH,rad-dino,UNI,Prov-GigaPath,Hibou-B,CheXagent,UNI2",concat,0,1,0.9504,0.8344,0.0000,0.0000,2020.31,36.33
chestmnist,224,"BioMedCLIP,PubMedCLIP,CONCH,UNI,Prov-GigaPath,CheXagent,UNI2",concat,0,1,0.9501,0.8258,0.0000,0.0000,1767.20,37.85
chestmnist,224,"PubMedCLIP,CONCH,rad-dino,UNI,Prov-GigaPath,Hibou-B",concat,0,1,0.9500,0.8259,0.0000,0.0000,1279.54,23.30
chestmnist,224,"PubMedCLIP,CONCH,rad-dino,Prov-GigaPath,Hibou-B,UNI2",concat,0,1,0.9498,0.8264,0.0000,0.0000,1420.74,25.76
chestmnist,224,"PubMedCLIP,CONCH,rad-dino,Prov-GigaPath,CheXagent,UNI2",concat,0,1,0.9503,0.8358,0.0000,0.0000,1561.42,34.22
chestmnist,224,"BioMedCLIP,PubMedCLIP,CONCH,rad-dino,UNI,Prov-GigaPath,Hibou-B",concat,0,1,0.9500,0.8271,0.0000,0.0000,1399.79,31.93
chestmnist,224,"PubMedCLIP,rad-dino,UNI,Prov-GigaPath,Hibou-B,CheXagent",concat,0,1,0.9503,0.8359,0.0000,0.0000,1513.19,32.19
chestmnist,224,"PubMedCLIP,CONCH,rad-dino,UNI,Prov-GigaPath,Hibou-B,UNI2",concat,0,1,0.9500,0.8230,0.0000,0.0000,1662.49,30.11
chestmnist,224,"CONCH,rad-dino,UNI,Prov-GigaPath,CheXagent,UNI2",concat,0,1,0.9505,0.8349,0.0000,0.0000,1703.19,30.68
chestmnist,224,"BioMedCLIP,rad-dino,UNI,Prov-GigaPath,Hibou-B,CheXagent",concat,0,1,0.9506,0.8387,0.0000,0.0000,1505.59,31.00
chestmnist,224,"BioMedCLIP,CONCH,rad-dino,UNI,Hibou-B,CheXagent,UNI2",concat,0,1,0.9503,0.8354,0.0000,0.0000,1635.00,29.58
chestmnist,224,"BioMedCLIP,CONCH,rad-dino,Prov-GigaPath,Hibou-B,UNI2",concat,0,1,0.9500,0.8262,0.0000,0.0000,1419.85,25.56
chestmnist,224,"BioMedCLIP,PubMedCLIP,rad-dino,Prov-GigaPath,Hibou-B,CheXagent,UNI2",concat,0,1,0.9503,0.8364,0.0000,0.0000,1768.87,39.03
chestmnist,224,"BioMedCLIP,PubMedCLIP,CONCH,UNI,Prov-GigaPath,CheXagent,UNI2",concat,0,1,0.9501,0.8258,0.0000,0.0000,1777.52,41.75
chestmnist,224,"BioMedCLIP,CONCH,rad-dino,UNI,Prov-GigaPath,CheXagent",concat,0,1,0.9504,0.8365,0.0000,0.0000,1437.60,26.39
chestmnist,224,"PubMedCLIP,CONCH,rad-dino,UNI,Prov-GigaPath,Hibou-B,CheXagent,UNI2",concat,0,1,0.9504,0.8344,0.0000,0.0000,2063.92,41.36
chestmnist,224,"PubMedCLIP,CONCH,rad-dino,UNI,Prov-GigaPath,Hibou-B,UNI2",concat,0,1,0.9500,0.8230,0.0000,0.0000,1673.95,30.17
chestmnist,224,"PubMedCLIP,CONCH,rad-dino,UNI,CheXagent,UNI2",concat,0,1,0.9500,0.8363,0.0000,0.0000,1428.94,27.82
chestmnist,224,"BioMedCLIP,PubMedCLIP,rad-dino,Hibou-B,CheXagent,UNI2",concat,0,1,0.9505,0.8363,0.0000,0.0000,1372.70,25.09
chestmnist,224,"rad-dino,UNI,Prov-GigaPath,Hibou-B,CheXagent,UNI2",concat,0,1,0.9501,0.8364,0.0000,0.0000,1777.96,37.22
chestmnist,224,"PubMedCLIP,CONCH,rad-dino,UNI,Hibou-B,UNI2",concat,0,1,0.9498,0.8220,0.0000,0.0000,1264.76,25.64
chestmnist,224,"BioMedCLIP,CONCH,UNI,Hibou-B,CheXagent,UNI2",concat,0,1,0.9500,0.8255,0.0000,0.0000,1423.38,30.38
chestmnist,224,"BioMedCLIP,rad-dino,UNI,Prov-GigaPath,Hibou-B,CheXagent",concat,0,1,0.9506,0.8387,0.0000,0.0000,1494.92,32.05
chestmnist,224,"BioMedCLIP,CONCH,rad-dino,UNI,Prov-GigaPath,CheXagent",concat,0,1,0.9504,0.8365,0.0000,0.0000,1430.70,26.28
chestmnist,224,"CONCH,rad-dino,UNI,Prov-GigaPath,CheXagent,UNI2",concat,0,1,0.9505,0.8349,0.0000,0.0000,1715.78,35.56
chestmnist,224,"BioMedCLIP,PubMedCLIP,UNI,Prov-GigaPath,Hibou-B,UNI2",concat,0,1,0.9494,0.7929,0.0000,0.0000,1478.54,26.36
chestmnist,224,"PubMedCLIP,CONCH,UNI,Prov-GigaPath,CheXagent,UNI2",concat,0,1,0.9500,0.8260,0.0000,0.0000,1628.63,30.10
chestmnist,224,"BioMedCLIP,PubMedCLIP,UNI,Prov-GigaPath,CheXagent,UNI2",concat,0,1,0.9501,0.8277,0.0000,0.0000,1627.78,35.26
chestmnist,224,"PubMedCLIP,CONCH,rad-dino,UNI,Prov-GigaPath,UNI2",concat,0,1,0.9501,0.8263,0.0000,0.0000,1472.62,31.63
chestmnist,224,"BioMedCLIP,CONCH,UNI,Prov-GigaPath,CheXagent,UNI2",concat,0,1,0.9502,0.8268,0.0000,0.0000,1625.46,29.94
chestmnist,224,"PubMedCLIP,CONCH,rad-dino,UNI,Hibou-B,UNI2",concat,0,1,0.9498,0.8220,0.0000,0.0000,1270.24,23.30
chestmnist,224,"rad-dino,UNI,Prov-GigaPath,Hibou-B,CheXagent,UNI2",concat,0,1,0.9501,0.8364,0.0000,0.0000,1758.95,38.77
chestmnist,224,"PubMedCLIP,CONCH,rad-dino,UNI,Prov-GigaPath,Hibou-B,UNI2",concat,0,1,0.9500,0.8230,0.0000,0.0000,1670.00,35.62
chestmnist,224,"BioMedCLIP,CONCH,UNI,Prov-GigaPath,Hibou-B,CheXagent",concat,0,1,0.9503,0.8261,0.0000,0.0000,1436.79,30.28
chestmnist,224,"BioMedCLIP,PubMedCLIP,rad-dino,UNI,Hibou-B,CheXagent,UNI2",concat,0,1,0.9503,0.8351,0.0000,0.0000,1644.08,29.68
chestmnist,224,"BioMedCLIP,CONCH,rad-dino,Prov-GigaPath,Hibou-B,CheXagent,UNI2",concat,0,1,0.9502,0.8383,0.0000,0.0000,1783.71,32.16
chestmnist,224,"PubMedCLIP,CONCH,rad-dino,Prov-GigaPath,Hibou-B,UNI2",concat,0,1,0.9498,0.8264,0.0000,0.0000,1399.81,25.71
chestmnist,224,"PubMedCLIP,CONCH,Prov-GigaPath,Hibou-B,CheXagent,UNI2",concat,0,1,0.9499,0.8267,0.0000,0.0000,1558.30,32.85
chestmnist,224,"BioMedCLIP,CONCH,UNI,Prov-GigaPath,CheXagent,UNI2",concat,0,1,0.9502,0.8268,0.0000,0.0000,1619.71,29.62
chestmnist,224,"BioMedCLIP,PubMedCLIP,UNI,Prov-GigaPath,CheXagent,UNI2",concat,0,1,0.9501,0.8277,0.0000,0.0000,1615.96,34.64
chestmnist,224,"BioMedCLIP,CONCH,rad-dino,UNI,Prov-GigaPath,CheXagent",concat,0,1,0.9504,0.8365,0.0000,0.0000,1451.67,31.04
chestmnist,224,"BioMedCLIP,PubMedCLIP,CONCH,rad-dino,UNI,Hibou-B,CheXagent",concat,0,1,0.9503,0.8380,0.0000,0.0000,1383.68,29.42
chestmnist,224,"BioMedCLIP,PubMedCLIP,rad-dino,Prov-GigaPath,Hibou-B,CheXagent",concat,0,1,0.9504,0.8353,0.0000,0.0000,1393.10,24.92
chestmnist,224,"PubMedCLIP,CONCH,rad-dino,Prov-GigaPath,CheXagent,UNI2",concat,0,1,0.9503,0.8358,0.0000,0.0000,1568.18,28.66
chestmnist,224,"PubMedCLIP,rad-dino,Prov-GigaPath,Hibou-B,CheXagent,UNI2",concat,0,1,0.9503,0.8371,0.0000,0.0000,1628.46,33.76
chestmnist,224,"PubMedCLIP,CONCH,rad-dino,Prov-GigaPath,Hibou-B,UNI2",concat,0,1,0.9498,0.8264,0.0000,0.0000,1401.51,25.53
chestmnist,224,"BioMedCLIP,PubMedCLIP,CONCH,rad-dino,UNI,Prov-GigaPath,CheXagent,UNI2",concat,0,1,0.9506,0.8341,0.0000,0.0000,1974.50,35.12
chestmnist,224,"BioMedCLIP,CONCH,UNI,Prov-GigaPath,Hibou-B,CheXagent",concat,0,1,0.9503,0.8261,0.0000,0.0000,1423.04,31.75
chestmnist,224,"PubMedCLIP,CONCH,rad-dino,UNI,Hibou-B,UNI2",concat,0,1,0.9498,0.8220,0.0000,0.0000,1288.03,27.13
chestmnist,224,"PubMedCLIP,CONCH,rad-dino,UNI,Prov-GigaPath,Hibou-B",concat,0,1,0.9500,0.8259,0.0000,0.0000,1288.50,27.37
chestmnist,224,"BioMedCLIP,CONCH,rad-dino,UNI,CheXagent,UNI2",concat,0,1,0.9506,0.8363,0.0000,0.0000,1439.64,26.08
chestmnist,224,"BioMedCLIP,CONCH,rad-dino,Prov-GigaPath,Hibou-B,UNI2",concat,0,1,0.9500,0.8262,0.0000,0.0000,1399.65,25.78
chestmnist,224,"PubMedCLIP,CONCH,rad-dino,Prov-GigaPath,Hibou-B,CheXagent",concat,0,1,0.9502,0.8372,0.0000,0.0000,1363.96,28.79
chestmnist,224,"BioMedCLIP,PubMedCLIP,CONCH,rad-dino,UNI,Hibou-B,CheXagent",concat,0,1,0.9503,0.8380,0.0000,0.0000,1374.37,29.94
chestmnist,224,"PubMedCLIP,CONCH,rad-dino,Prov-GigaPath,CheXagent,UNI2",concat,0,1,0.9503,0.8358,0.0000,0.0000,1559.03,30.01
chestmnist,224,"PubMedCLIP,rad-dino,UNI,Hibou-B,CheXagent,UNI2",concat,0,1,0.9503,0.8361,0.0000,0.0000,1492.44,30.80
chestmnist,224,"BioMedCLIP,CONCH,UNI,Prov-GigaPath,CheXagent,UNI2",concat,0,1,0.9502,0.8268,0.0000,0.0000,1614.84,35.48
chestmnist,224,"BioMedCLIP,CONCH,rad-dino,UNI,Hibou-B,CheXagent,UNI2",concat,0,1,0.9503,0.8354,0.0000,0.0000,1635.79,34.94
chestmnist,224,"BioMedCLIP,PubMedCLIP,CONCH,rad-dino,UNI,Prov-GigaPath,CheXagent",concat,0,1,0.9504,0.8357,0.0000,0.0000,1573.67,28.49
chestmnist,224,"PubMedCLIP,CONCH,rad-dino,UNI,Prov-GigaPath,Hibou-B",concat,0,1,0.9500,0.8259,0.0000,0.0000,1279.23,26.92
chestmnist,224,"BioMedCLIP,PubMedCLIP,rad-dino,Prov-GigaPath,Hibou-B,CheXagent,UNI2",concat,0,1,0.9503,0.8364,0.0000,0.0000,1756.75,32.34
chestmnist,224,"BioMedCLIP,CONCH,rad-dino,Prov-GigaPath,Hibou-B,UNI2",concat,0,1,0.9500,0.8262,0.0000,0.0000,1398.44,25.91
chestmnist,224,"BioMedCLIP,PubMedCLIP,CONCH,rad-dino,UNI,Prov-GigaPath,UNI2",concat,0,1,0.9501,0.8275,0.0000,0.0000,1600.87,29.08
chestmnist,224,"PubMedCLIP,CONCH,rad-dino,Prov-GigaPath,Hibou-B,UNI2",concat,0,1,0.9498,0.8264,0.0000,0.0000,1423.93,30.13
chestmnist,224,"BioMedCLIP,PubMedCLIP,CONCH,rad-dino,UNI,Prov-GigaPath,Hibou-B,CheXagent,UNI2",concat,0,1,0.9506,0.8341,0.0000,0.0000,2175.02,45.12
chestmnist,224,"PubMedCLIP,CONCH,rad-dino,UNI,CheXagent,UNI2",concat,0,1,0.9500,0.8363,0.0000,0.0000,1440.42,31.49
chestmnist,224,"BioMedCLIP,CONCH,UNI,Prov-GigaPath,Hibou-B,UNI2",concat,0,1,0.9492,0.7926,0.0000,0.0000,1479.51,26.69
chestmnist,224,"BioMedCLIP,PubMedCLIP,rad-dino,Hibou-B,CheXagent,UNI2",concat,0,1,0.9505,0.8363,0.0000,0.0000,1361.44,25.04
chestmnist,224,"BioMedCLIP,CONCH,rad-dino,UNI,Hibou-B,CheXagent,UNI2",concat,0,1,0.9503,0.8354,0.0000,0.0000,1631.85,34.30
chestmnist,224,"PubMedCLIP,CONCH,UNI,Hibou-B,CheXagent,UNI2",concat,0,1,0.9500,0.8278,0.0000,0.0000,1431.49,25.99
chestmnist,224,"BioMedCLIP,PubMedCLIP,rad-dino,Prov-GigaPath,Hibou-B,CheXagent,UNI2",concat,0,1,0.9503,0.8364,0.0000,0.0000,1757.36,32.17
chestmnist,224,"PubMedCLIP,CONCH,rad-dino,Prov-GigaPath,CheXagent,UNI2",concat,0,1,0.9503,0.8358,0.0000,0.0000,1572.87,33.54
chestmnist,224,"BioMedCLIP,PubMedCLIP,UNI,Prov-GigaPath,Hibou-B,CheXagent",concat,0,1,0.9501,0.8286,0.0000,0.0000,1429.76,30.85
chestmnist,224,"PubMedCLIP,CONCH,UNI,Prov-GigaPath,CheXagent,UNI2",concat,0,1,0.9500,0.8260,0.0000,0.0000,1630.53,34.85
chestmnist,224,"PubMedCLIP,rad-dino,UNI,Prov-GigaPath,Hibou-B,UNI2",concat,0,1,0.9499,0.8240,0.0000,0.0000,1539.02,27.82
chestmnist,224,"BioMedCLIP,CONCH,UNI,Hibou-B,CheXagent,UNI2",concat,0,1,0.9500,0.8255,0.0000,0.0000,1425.87,26.50
chestmnist,224,"PubMedCLIP,CONCH,rad-dino,UNI,CheXagent,UNI2",concat,0,1,0.9500,0.8363,0.0000,0.0000,1427.08,31.21
chestmnist,224,"BioMedCLIP,PubMedCLIP,rad-dino,Hibou-B,CheXagent,UNI2",concat,0,1,0.9505,0.8363,0.0000,0.0000,1361.17,25.14
chestmnist,224,"PubMedCLIP,rad-dino,UNI,Prov-GigaPath,CheXagent,UNI2",concat,0,1,0.9502,0.8374,0.0000,0.0000,1687.92,30.71
chestmnist,224,"BioMedCLIP,CONCH,rad-dino,Prov-GigaPath,Hibou-B,UNI2",concat,0,1,0.9500,0.8262,0.0000,0.0000,1417.36,29.79
chestmnist,224,"BioMedCLIP,rad-dino,UNI,Prov-GigaPath,Hibou-B,CheXagent,UNI2",concat,0,1,0.9503,0.8376,0.0000,0.0000,1890.58,40.57
chestmnist,224,"BioMedCLIP,PubMedCLIP,rad-dino,UNI,Hibou-B,CheXagent,UNI2",concat,0,1,0.9503,0.8351,0.0000,0.0000,1626.61,34.23
chestmnist,224,"BioMedCLIP,PubMedCLIP,UNI,Prov-GigaPath,Hibou-B,UNI2",concat,0,1,0.9494,0.7929,0.0000,0.0000,1461.71,26.97
chestmnist,224,"BioMedCLIP,PubMedCLIP,CONCH,rad-dino,UNI,Prov-GigaPath,Hibou-B,CheXagent",concat,0,1,0.9504,0.8368,0.0000,0.0000,1768.94,31.82
chestmnist,224,"BioMedCLIP,CONCH,UNI,Hibou-B,CheXagent,UNI2",concat,0,1,0.9500,0.8255,0.0000,0.0000,1422.94,26.14
chestmnist,224,"PubMedCLIP,CONCH,UNI,Prov-GigaPath,CheXagent,UNI2",concat,0,1,0.9500,0.8260,0.0000,0.0000,1634.01,34.67
chestmnist,224,"PubMedCLIP,rad-dino,UNI,Prov-GigaPath,Hibou-B,CheXagent",concat,0,1,0.9503,0.8359,0.0000,0.0000,1513.97,29.67
chestmnist,224,"BioMedCLIP,PubMedCLIP,rad-dino,Prov-GigaPath,Hibou-B,CheXagent,UNI2",concat,0,1,0.9503,0.8364,0.0000,0.0000,1793.81,37.50
chestmnist,224,"BioMedCLIP,PubMedCLIP,CONCH,UNI,Prov-GigaPath,Hibou-B,CheXagent",concat,0,1,0.9500,0.8291,0.0000,0.0000,1564.88,33.35
chestmnist,224,"PubMedCLIP,CONCH,rad-dino,UNI,Prov-GigaPath,UNI2",concat,0,1,0.9501,0.8263,0.0000,0.0000,1467.98,26.67
chestmnist,224,"BioMedCLIP,PubMedCLIP,UNI,Prov-GigaPath,Hibou-B,UNI2",concat,0,1,0.9494,0.7929,0.0000,0.0000,1461.95,26.69
chestmnist,224,"BioMedCLIP,PubMedCLIP,CONCH,rad-dino,UNI,Prov-GigaPath,CheXagent,UNI2",concat,0,1,0.9506,0.8341,0.0000,0.0000,1978.75,41.88
chestmnist,224,"BioMedCLIP,PubMedCLIP,rad-dino,UNI,Hibou-B,CheXagent,UNI2",concat,0,1,0.9503,0.8351,0.0000,0.0000,1633.11,34.37
chestmnist,224,"CONCH,rad-dino,UNI,Prov-GigaPath,Hibou-B,CheXagent,UNI2",concat,0,1,0.9502,0.8361,0.0000,0.0000,1908.07,34.15
chestmnist,224,"BioMedCLIP,PubMedCLIP,rad-dino,Hibou-B,CheXagent,UNI2",concat,0,1,0.9505,0.8363,0.0000,0.0000,1386.24,29.60
chestmnist,224,"PubMedCLIP,CONCH,rad-dino,UNI,Prov-GigaPath,Hibou-B,CheXagent,UNI2",concat,0,1,0.9504,0.8344,0.0000,0.0000,2071.04,36.24
chestmnist,224,"BioMedCLIP,CONCH,rad-dino,Prov-GigaPath,CheXagent,UNI2",concat,0,1,0.9503,0.8360,0.0000,0.0000,1564.55,33.07
chestmnist,224,"BioMedCLIP,CONCH,rad-dino,Prov-GigaPath,Hibou-B,CheXagent,UNI2",concat,0,1,0.9502,0.8383,0.0000,0.0000,1753.06,32.11
chestmnist,224,"PubMedCLIP,CONCH,rad-dino,UNI,Prov-GigaPath,UNI2",concat,0,1,0.9501,0.8263,0.0000,0.0000,1467.05,27.24
chestmnist,224,"PubMedCLIP,rad-dino,UNI,Hibou-B,CheXagent,UNI2",concat,0,1,0.9503,0.8361,0.0000,0.0000,1502.35,31.75
chestmnist,224,"BioMedCLIP,PubMedCLIP,CONCH,Prov-GigaPath,Hibou-B,CheXagent,UNI2",concat,0,1,0.9499,0.8255,0.0000,0.0000,1698.94,30.84
chestmnist,224,"BioMedCLIP,CONCH,UNI,Hibou-B,CheXagent,UNI2",concat,0,1,0.9500,0.8255,0.0000,0.0000,1440.66,31.10
chestmnist,224,"BioMedCLIP,PubMedCLIP,CONCH,rad-dino,UNI,Prov-GigaPath,CheXagent,UNI2",concat,0,1,0.9506,0.8341,0.0000,0.0000,1953.22,40.44
chestmnist,224,"PubMedCLIP,CONCH,UNI,Prov-GigaPath,Hibou-B,UNI2",concat,0,1,0.9493,0.7780,0.0000,0.0000,1465.39,31.28
chestmnist,224,"CONCH,rad-dino,UNI,Prov-GigaPath,CheXagent,UNI2",concat,0,1,0.9505,0.8349,0.0000,0.0000,1692.41,30.68
chestmnist,224,"PubMedCLIP,CONCH,Prov-GigaPath,Hibou-B,CheXagent,UNI2",concat,0,1,0.9499,0.8267,0.0000,0.0000,1553.73,28.60
chestmnist,224,"BioMedCLIP,PubMedCLIP,CONCH,rad-dino,UNI,Prov-GigaPath,UNI2",concat,0,1,0.9501,0.8275,0.0000,0.0000,1599.83,33.54
chestmnist,224,"BioMedCLIP,CONCH,rad-dino,Prov-GigaPath,Hibou-B,CheXagent,UNI2",concat,0,1,0.9502,0.8383,0.0000,0.0000,1750.62,31.99
chestmnist,224,"BioMedCLIP,PubMedCLIP,UNI,Prov-GigaPath,Hibou-B,UNI2",concat,0,1,0.9494,0.7929,0.0000,0.0000,1471.83,31.82
chestmnist,224,"PubMedCLIP,rad-dino,UNI,Hibou-B,CheXagent,UNI2",concat,0,1,0.9503,0.8361,0.0000,0.0000,1498.46,32.45
chestmnist,224,"PubMedCLIP,CONCH,rad-dino,UNI,Prov-GigaPath,CheXagent,UNI2",concat,0,1,0.9504,0.8362,0.0000,0.0000,1829.64,33.14
chestmnist,224,"BioMedCLIP,CONCH,rad-dino,Hibou-B,CheXagent,UNI2",concat,0,1,0.9503,0.8361,0.0000,0.0000,1368.64,29.63
chestmnist,224,"PubMedCLIP,CONCH,rad-dino,UNI,Prov-GigaPath,Hibou-B,UNI2",concat,0,1,0.9500,0.8230,0.0000,0.0000,1664.68,29.60
chestmnist,224,"BioMedCLIP,PubMedCLIP,rad-dino,Prov-GigaPath,Hibou-B,CheXagent",concat,0,1,0.9504,0.8353,0.0000,0.0000,1362.91,25.19
chestmnist,224,"PubMedCLIP,CONCH,UNI,Hibou-B,CheXagent,UNI2",concat,0,1,0.9500,0.8278,0.0000,0.0000,1430.27,31.24
chestmnist,224,"PubMedCLIP,CONCH,Prov-GigaPath,Hibou-B,CheXagent,UNI2",concat,0,1,0.9499,0.8267,0.0000,0.0000,1555.88,28.85
chestmnist,224,"PubMedCLIP,CONCH,rad-dino,UNI,Prov-GigaPath,UNI2",concat,0,1,0.9501,0.8263,0.0000,0.0000,1471.83,31.34
chestmnist,224,"BioMedCLIP,PubMedCLIP,rad-dino,UNI,Hibou-B,UNI2",concat,0,1,0.9502,0.8254,0.0000,0.0000,1287.17,22.95
chestmnist,224,"BioMedCLIP,PubMedCLIP,CONCH,rad-dino,UNI,Prov-GigaPath,UNI2",concat,0,1,0.9501,0.8275,0.0000,0.0000,1596.72,34.47
chestmnist,224,"BioMedCLIP,CONCH,rad-dino,UNI,Prov-GigaPath,CheXagent",concat,0,1,0.9504,0.8365,0.0000,0.0000,1452.92,25.89
chestmnist,224,"BioMedCLIP,PubMedCLIP,CONCH,UNI,Prov-GigaPath,Hibou-B,CheXagent,UNI2",concat,0,1,0.9503,0.8275,0.0000,0.0000,1957.57,40.76
chestmnist,224,"PubMedCLIP,rad-dino,Prov-GigaPath,Hibou-B,CheXagent,UNI2",concat,0,1,0.9503,0.8371,0.0000,0.0000,1627.11,29.86
chestmnist,224,"BioMedCLIP,PubMedCLIP,rad-dino,Prov-GigaPath,Hibou-B,CheXagent",concat,0,1,0.9504,0.8353,0.0000,0.0000,1368.19,24.97
chestmnist,224,"PubMedCLIP,rad-dino,UNI,Prov-GigaPath,CheXagent,UNI2",concat,0,1,0.9502,0.8374,0.0000,0.0000,1695.23,36.00
chestmnist,224,"PubMedCLIP,CONCH,rad-dino,UNI,Hibou-B,CheXagent,UNI2",concat,0,1,0.9502,0.8359,0.0000,0.0000,1628.89,29.72
chestmnist,224,"PubMedCLIP,CONCH,UNI,Hibou-B,CheXagent,UNI2",concat,0,1,0.9500,0.8278,0.0000,0.0000,1425.91,31.08
chestmnist,224,"BioMedCLIP,CONCH,rad-dino,Prov-GigaPath,Hibou-B,CheXagent,UNI2",concat,0,1,0.9502,0.8383,0.0000,0.0000,1768.62,37.53
chestmnist,224,"PubMedCLIP,CONCH,rad-dino,UNI,Hibou-B,UNI2",concat,0,1,0.9498,0.8220,0.0000,0.0000,1283.51,22.90
chestmnist,224,"BioMedCLIP,CONCH,rad-dino,UNI,CheXagent,UNI2",concat,0,1,0.9506,0.8363,0.0000,0.0000,1434.92,30.72
chestmnist,224,"CONCH,rad-dino,Prov-GigaPath,Hibou-B,CheXagent,UNI2",concat,0,1,0.9502,0.8364,0.0000,0.0000,1640.03,35.45
chestmnist,224,"PubMedCLIP,rad-dino,Prov-GigaPath,Hibou-B,CheXagent,UNI2",concat,0,1,0.9503,0.8371,0.0000,0.0000,1628.11,29.51
chestmnist,224,"PubMedCLIP,rad-dino,UNI,Prov-GigaPath,Hibou-B,CheXagent",concat,0,1,0.9503,0.8359,0.0000,0.0000,1504.87,32.28
chestmnist,224,"PubMedCLIP,CONCH,Prov-GigaPath,Hibou-B,CheXagent,UNI2",concat,0,1,0.9499,0.8267,0.0000,0.0000,1560.73,34.00
chestmnist,224,"PubMedCLIP,rad-dino,UNI,Prov-GigaPath,CheXagent,UNI2",concat,0,1,0.9502,0.8374,0.0000,0.0000,1683.83,35.33
chestmnist,224,"BioMedCLIP,PubMedCLIP,CONCH,rad-dino,UNI,Hibou-B,CheXagent,UNI2",concat,0,1,0.9503,0.8352,0.0000,0.0000,1771.82,31.70
chestmnist,224,"BioMedCLIP,CONCH,UNI,Prov-GigaPath,CheXagent,UNI2",concat,0,1,0.9502,0.8268,0.0000,0.0000,1625.48,29.44
chestmnist,224,"PubMedCLIP,CONCH,rad-dino,Prov-GigaPath,Hibou-B,CheXagent",concat,0,1,0.9502,0.8372,0.0000,0.0000,1361.13,24.64
chestmnist,224,"CONCH,rad-dino,UNI,Prov-GigaPath,Hibou-B,CheXagent",concat,0,1,0.9504,0.8380,0.0000,0.0000,1503.52,32.58
chestmnist,224,"BioMedCLIP,CONCH,rad-dino,UNI,CheXagent,UNI2",concat,0,1,0.9506,0.8363,0.0000,0.0000,1424.26,26.29
chestmnist,224,"BioMedCLIP,PubMedCLIP,rad-dino,Prov-GigaPath,Hibou-B,CheXagent",concat,0,1,0.9504,0.8353,0.0000,0.0000,1374.67,29.62
chestmnist,224,"PubMedCLIP,CONCH,rad-dino,UNI,Prov-GigaPath,Hibou-B,CheXagent,UNI2",concat,0,1,0.9504,0.8344,0.0000,0.0000,2025.14,42.94
chestmnist,224,"PubMedCLIP,rad-dino,UNI,Prov-GigaPath,Hibou-B,CheXagent",concat,0,1,0.9503,0.8359,0.0000,0.0000,1489.61,32.28
chestmnist,224,"PubMedCLIP,CONCH,rad-dino,Prov-GigaPath,Hibou-B,UNI2",concat,0,1,0.9498,0.8264,0.0000,0.0000,1401.77,25.63
chestmnist,224,"PubMedCLIP,CONCH,UNI,Prov-GigaPath,Hibou-B,CheXagent,UNI2",concat,0,1,0.9498,0.8246,0.0000,0.0000,1824.33,32.79
chestmnist,224,"BioMedCLIP,PubMedCLIP,CONCH,rad-dino,UNI,Prov-GigaPath,CheXagent",concat,0,1,0.9504,0.8357,0.0000,0.0000,1555.17,30.29
chestmnist,224,"BioMedCLIP,CONCH,Prov-GigaPath,Hibou-B,CheXagent,UNI2",concat,0,1,0.9501,0.8274,0.0000,0.0000,1556.16,32.92
chestmnist,224,"PubMedCLIP,CONCH,rad-dino,Prov-GigaPath,Hibou-B,CheXagent",concat,0,1,0.9502,0.8372,0.0000,0.0000,1360.95,25.91
chestmnist,224,"PubMedCLIP,rad-dino,Prov-GigaPath,Hibou-B,CheXagent,UNI2",concat,0,1,0.9503,0.8371,0.0000,0.0000,1621.07,34.59
chestmnist,224,"CONCH,rad-dino,UNI,Prov-GigaPath,CheXagent,UNI2",concat,0,1,0.9505,0.8349,0.0000,0.0000,1691.13,35.30
chestmnist,224,"PubMedCLIP,CONCH,rad-dino,Prov-GigaPath,CheXagent,UNI2",concat,0,1,0.9503,0.8358,0.0000,0.0000,1561.08,28.27
chestmnist,224,"BioMedCLIP,PubMedCLIP,CONCH,UNI,Prov-GigaPath,Hibou-B,UNI2",concat,0,1,0.9495,0.7936,0.0000,0.0000,1600.66,28.93
chestmnist,224,"PubMedCLIP,CONCH,rad-dino,UNI,Prov-GigaPath,Hibou-B,CheXagent,UNI2",concat,0,1,0.9504,0.8344,0.0000,0.0000,2013.41,42.76
chestmnist,224,"BioMedCLIP,PubMedCLIP,CONCH,rad-dino,UNI,Prov-GigaPath,CheXagent",concat,0,1,0.9504,0.8357,0.0000,0.0000,1554.14,28.74
chestmnist,224,"PubMedCLIP,CONCH,rad-dino,UNI,Prov-GigaPath,Hibou-B,CheXagent",concat,0,1,0.9502,0.8365,0.0000,0.0000,1632.65,34.44
chestmnist,224,"BioMedCLIP,PubMedCLIP,rad-dino,UNI,CheXagent",concat,0,1,0.9499,0.0000,0.9485,0.8229,0.0000
chestmnist,224,"BioMedCLIP,PubMedCLIP,rad-dino,UNI,CheXagent",concat,0,1,0.9499,0.0000,0.9485,0.8229,0.0000
chestmnist,224,"BioMedCLIP,PubMedCLIP,rad-dino,UNI,CheXagent",concat,0,1,0.9506,0.0000,0.9493,0.8389,0.0000
chestmnist,224,"BioMedCLIP,PubMedCLIP,rad-dino,UNI,CheXagent",concat,0,1,0.9508,0.0000,0.9491,0.8397,0.0000
chestmnist,224,"BioMedCLIP,PubMedCLIP,rad-dino,UNI,CheXagent",concat,0,1,0.9502,0.0000,0.9485,0.8166,0.0000
chestmnist,224,"BioMedCLIP,PubMedCLIP,rad-dino,UNI,CheXagent",concat,0,1,0.9505,0.0000,0.9488,0.8243,0.0000
chestmnist,224,"BioMedCLIP,PubMedCLIP,rad-dino,UNI,CheXagent",concat,0,1,0.9508,0.0000,0.9492,0.8404,0.0000
chestmnist,224,"BioMedCLIP,PubMedCLIP,rad-dino,UNI,CheXagent",concat,0,1,0.9506,0.0000,0.9490,0.8360,0.0000
chestmnist,224,"BioMedCLIP,PubMedCLIP,rad-dino,UNI,CheXagent",concat,0,1,0.9507,0.0000,0.9492,0.8363,0.0000
chestmnist,224,"BioMedCLIP,PubMedCLIP,rad-dino,UNI,CheXagent",concat,0,1,0.9504,0.0000,0.9486,0.8175,0.0000
chestmnist,224,"BioMedCLIP,PubMedCLIP,rad-dino,UNI,CheXagent",concat,0,1,0.9507,0.0000,0.9491,0.8360,0.0000
chestmnist,224,"BioMedCLIP,PubMedCLIP,rad-dino,UNI,CheXagent",concat,0,1,0.9507,0.0000,0.9491,0.8395,0.0000
chestmnist,224,"BioMedCLIP,PubMedCLIP,rad-dino,UNI,CheXagent",concat,0,1,0.9503,0.0000,0.9488,0.8240,0.0000
chestmnist,224,"BioMedCLIP,PubMedCLIP,rad-dino,UNI,CheXagent",concat,0,1,0.9507,0.0000,0.9491,0.8357,0.0000
chestmnist,224,"BioMedCLIP,PubMedCLIP,rad-dino,UNI,CheXagent",concat,0,1,0.9503,0.0000,0.9488,0.8240,0.0000
chestmnist,224,"BioMedCLIP,PubMedCLIP,rad-dino,UNI,CheXagent",concat,0,1,0.9508,0.0000,0.9492,0.8404,0.0000
chestmnist,224,"BioMedCLIP,PubMedCLIP,rad-dino,UNI,CheXagent",concat,0,1,0.9507,0.0000,0.9491,0.8360,0.0000
chestmnist,224,"BioMedCLIP,PubMedCLIP,rad-dino,UNI,CheXagent",concat,0,1,0.9506,0.0000,0.9492,0.8397,0.0000
chestmnist,224,"BioMedCLIP,PubMedCLIP,rad-dino,UNI,CheXagent",concat,0,1,0.9508,0.0000,0.9492,0.8394,0.0000
chestmnist,224,"BioMedCLIP,PubMedCLIP,rad-dino,UNI,CheXagent",concat,0,1,0.9508,0.0000,0.9492,0.8394,0.0000
chestmnist,224,"BioMedCLIP,PubMedCLIP,rad-dino,UNI,CheXagent",concat,0,1,0.9506,0.0000,0.9492,0.8397,0.0000
chestmnist,224,"BioMedCLIP,PubMedCLIP,rad-dino,UNI,CheXagent",concat,0,1,0.9507,0.0000,0.9491,0.8396,0.0000
chestmnist,224,"BioMedCLIP,PubMedCLIP,rad-dino,UNI,CheXagent",concat,0,1,0.9507,0.0000,0.9491,0.8357,0.0000
chestmnist,224,"BioMedCLIP,PubMedCLIP,rad-dino,UNI,CheXagent",concat,0,1,0.9507,0.0000,0.9491,0.8357,0.0000
chestmnist,224,"BioMedCLIP,PubMedCLIP,rad-dino,UNI,CheXagent",concat,0,1,0.9509,0.0000,0.9492,0.8404,0.0000
chestmnist,224,"BioMedCLIP,PubMedCLIP,rad-dino,UNI,CheXagent",concat,0,1,0.9507,0.0000,0.9491,0.8396,0.0000
chestmnist,224,"BioMedCLIP,PubMedCLIP,rad-dino,UNI,CheXagent",concat,0,1,0.9508,0.0000,0.9492,0.8404,0.0000
chestmnist,224,"BioMedCLIP,PubMedCLIP,rad-dino,UNI,CheXagent",concat,0,1,0.9508,0.0000,0.9492,0.8394,0.0000
chestmnist,224,"BioMedCLIP,PubMedCLIP,rad-dino,UNI,CheXagent",concat,0,1,0.9507,0.0000,0.9491,0.8396,0.0000
chestmnist,224,"BioMedCLIP,PubMedCLIP,rad-dino,UNI,CheXagent",concat,0,1,0.9508,0.0000,0.9492,0.8404,0.0000
chestmnist,224,"BioMedCLIP,PubMedCLIP,rad-dino,UNI,CheXagent",concat,0,1,0.9507,0.0000,0.9491,0.8396,0.0000
chestmnist,224,"BioMedCLIP,PubMedCLIP,rad-dino,UNI,CheXagent",concat,0,1,0.9508,0.0000,0.9492,0.8404,0.0000
chestmnist,224,"BioMedCLIP,PubMedCLIP,rad-dino,UNI,CheXagent",concat,0,1,0.9508,0.0000,0.9492,0.8394,0.0000
chestmnist,224,"BioMedCLIP,PubMedCLIP,rad-dino,UNI,CheXagent",concat,0,1,0.9506,0.0000,0.9492,0.8397,0.0000
chestmnist,224,"BioMedCLIP,PubMedCLIP,rad-dino,UNI,CheXagent",concat,0,1,0.9509,0.0000,0.9492,0.8404,0.0000
chestmnist,224,"BioMedCLIP,PubMedCLIP,rad-dino,UNI,CheXagent",concat,0,1,0.9509,0.0000,0.9492,0.8404,0.0000
chestmnist,224,"BioMedCLIP,PubMedCLIP,rad-dino,UNI,CheXagent",concat,0,1,0.9509,0.0000,0.9492,0.8404,0.0000
chestmnist,224,"BioMedCLIP,PubMedCLIP,rad-dino,UNI,CheXagent",concat,0,1,0.9508,0.0000,0.9492,0.8404,0.0000
chestmnist,224,"BioMedCLIP,PubMedCLIP,rad-dino,UNI,CheXagent",concat,0,1,0.9508,0.0000,0.9492,0.8404,0.0000
chestmnist,224,"BioMedCLIP,PubMedCLIP,rad-dino,UNI,CheXagent",concat,0,1,0.9509,0.0000,0.9492,0.8404,0.0000
chestmnist,224,"BioMedCLIP,PubMedCLIP,rad-dino,UNI,CheXagent",concat,0,1,0.9508,0.0000,0.9492,0.8394,0.0000
chestmnist,224,"BioMedCLIP,PubMedCLIP,rad-dino,UNI,CheXagent",concat,0,1,0.9508,0.0000,0.9492,0.8404,0.0000
chestmnist,224,"BioMedCLIP,PubMedCLIP,rad-dino,UNI,CheXagent",concat,0,1,0.9508,0.0000,0.9492,0.8404,0.0000
chestmnist,224,"BioMedCLIP,PubMedCLIP,rad-dino,UNI,CheXagent",concat,0,1,0.9508,0.0000,0.9492,0.8404,0.0000
chestmnist,224,"BioMedCLIP,PubMedCLIP,rad-dino,UNI,CheXagent",concat,0,1,0.9508,0.0000,0.9492,0.8404,0.0000
chestmnist,224,"BioMedCLIP,PubMedCLIP,rad-dino,UNI,CheXagent",concat,0,1,0.9508,0.0000,0.9492,0.8394,0.0000
chestmnist,224,"BioMedCLIP,PubMedCLIP,rad-dino,UNI,CheXagent",concat,0,1,0.9508,0.0000,0.9492,0.8404,0.0000
chestmnist,224,"BioMedCLIP,PubMedCLIP,rad-dino,UNI,CheXagent",concat,0,1,0.9508,0.0000,0.9492,0.8404,0.0000
chestmnist,224,"BioMedCLIP,PubMedCLIP,rad-dino,UNI,CheXagent",concat,0,1,0.9508,0.0000,0.9492,0.8394,0.0000
chestmnist,224,"BioMedCLIP,PubMedCLIP,rad-dino,UNI,CheXagent",concat,0,1,0.9507,0.0000,0.9491,0.8360,0.0000
chestmnist,224,"BioMedCLIP,PubMedCLIP,rad-dino,UNI,CheXagent",concat,0,1,0.9507,0.0000,0.9491,0.8360,0.0000
chestmnist,224,"BioMedCLIP,PubMedCLIP,rad-dino,UNI,CheXagent",concat,0,1,0.9507,0.0000,0.9491,0.8396,0.0000
chestmnist,224,"BioMedCLIP,PubMedCLIP,rad-dino,UNI,CheXagent",concat,0,1,0.9508,0.0000,0.9492,0.8404,0.0000
chestmnist,224,"BioMedCLIP,PubMedCLIP,rad-dino,UNI,CheXagent",concat,0,1,0.9508,0.0000,0.9492,0.8404,0.0000
chestmnist,224,"BioMedCLIP,PubMedCLIP,rad-dino,UNI,CheXagent",concat,0,1,0.9508,0.0000,0.9492,0.8404,0.0000
chestmnist,224,"BioMedCLIP,PubMedCLIP,rad-dino,UNI,CheXagent",concat,0,1,0.9509,0.0000,0.9492,0.8404,0.0000
chestmnist,224,"BioMedCLIP,PubMedCLIP,rad-dino,UNI,CheXagent",concat,0,1,0.9508,0.0000,0.9492,0.8404,0.0000
chestmnist,224,"BioMedCLIP,PubMedCLIP,rad-dino,UNI,CheXagent",concat,0,1,0.9508,0.0000,0.9492,0.8404,0.0000
chestmnist,224,"BioMedCLIP,PubMedCLIP,rad-dino,UNI,CheXagent",concat,0,1,0.9508,0.0000,0.9492,0.8394,0.0000
chestmnist,224,"BioMedCLIP,PubMedCLIP,rad-dino,UNI,CheXagent",concat,0,1,0.9508,0.0000,0.9492,0.8404,0.0000
chestmnist,224,"BioMedCLIP,PubMedCLIP,rad-dino,UNI,CheXagent",concat,0,1,0.9508,0.0000,0.9492,0.8404,0.0000
chestmnist,224,"BioMedCLIP,PubMedCLIP,rad-dino,UNI,CheXagent",concat,0,1,0.9508,0.0000,0.9492,0.8404,0.0000
chestmnist,224,"BioMedCLIP,PubMedCLIP,rad-dino,UNI,CheXagent",concat,0,1,0.9508,0.0000,0.9492,0.8404,0.0000
chestmnist,224,"BioMedCLIP,PubMedCLIP,rad-dino,UNI,CheXagent",concat,0,1,0.9508,0.0000,0.9492,0.8404,0.0000
chestmnist,224,"BioMedCLIP,PubMedCLIP,rad-dino,UNI,CheXagent",concat,0,1,0.9509,0.0000,0.9492,0.8404,0.0000
chestmnist,224,"BioMedCLIP,PubMedCLIP,rad-dino,UNI,CheXagent",concat,0,1,0.9508,0.0000,0.9492,0.8404,0.0000
chestmnist,224,"BioMedCLIP,PubMedCLIP,rad-dino,UNI,CheXagent",concat,0,1,0.9509,0.0000,0.9492,0.8404,0.0000
chestmnist,224,"BioMedCLIP,PubMedCLIP,rad-dino,UNI,CheXagent",concat,0,1,0.9509,0.0000,0.9492,0.8404,0.0000
chestmnist,224,"BioMedCLIP,PubMedCLIP,rad-dino,UNI,CheXagent",concat,0,1,0.9508,0.0000,0.9492,0.8404,0.0000
chestmnist,224,"BioMedCLIP,PubMedCLIP,rad-dino,UNI,CheXagent",concat,0,1,0.9508,0.0000,0.9492,0.8404,0.0000
chestmnist,224,"BioMedCLIP,PubMedCLIP,rad-dino,UNI,CheXagent",concat,0,1,0.9508,0.0000,0.9492,0.8404,0.0000
chestmnist,224,"BioMedCLIP,PubMedCLIP,rad-dino,UNI,CheXagent",concat,0,1,0.9509,0.0000,0.9492,0.8404,0.0000
chestmnist,224,"BioMedCLIP,PubMedCLIP,rad-dino,UNI,CheXagent",concat,0,1,0.9509,0.0000,0.9492,0.8404,0.0000
chestmnist,224,"BioMedCLIP,PubMedCLIP,rad-dino,UNI,CheXagent",concat,0,1,0.9508,0.0000,0.9492,0.8394,0.0000
chestmnist,224,"BioMedCLIP,PubMedCLIP,rad-dino,UNI,CheXagent",concat,0,1,0.9508,0.0000,0.9492,0.8404,0.0000
chestmnist,224,"BioMedCLIP,PubMedCLIP,rad-dino,UNI,CheXagent",concat,0,1,0.9509,0.0000,0.9492,0.8404,0.0000
chestmnist,224,"BioMedCLIP,PubMedCLIP,rad-dino,UNI,CheXagent",concat,0,1,0.9508,0.0000,0.9492,0.8404,0.0000
chestmnist,224,"BioMedCLIP,PubMedCLIP,rad-dino,UNI,CheXagent",concat,0,1,0.9508,0.0000,0.9492,0.8404,0.0000
chestmnist,224,"BioMedCLIP,PubMedCLIP,rad-dino,UNI,CheXagent",concat,0,1,0.9508,0.0000,0.9492,0.8404,0.0000
chestmnist,224,"BioMedCLIP,PubMedCLIP,rad-dino,UNI,CheXagent",concat,0,1,0.9508,0.0000,0.9492,0.8404,0.0000
chestmnist,224,"BioMedCLIP,PubMedCLIP,rad-dino,UNI,CheXagent",concat,0,1,0.9508,0.0000,0.9492,0.8404,0.0000
chestmnist,224,"BioMedCLIP,PubMedCLIP,rad-dino,UNI,CheXagent",concat,0,1,0.9508,0.0000,0.9492,0.8404,0.0000
chestmnist,224,"BioMedCLIP,PubMedCLIP,rad-dino,UNI,CheXagent",concat,0,1,0.9509,0.0000,0.9492,0.8404,0.0000
chestmnist,224,"BioMedCLIP,PubMedCLIP,rad-dino,UNI,CheXagent",concat,0,1,0.9507,0.0000,0.9491,0.8395,0.0000
chestmnist,224,"BioMedCLIP,PubMedCLIP,rad-dino,UNI,CheXagent",concat,0,1,0.9508,0.0000,0.9492,0.8394,0.0000
chestmnist,224,"BioMedCLIP,PubMedCLIP,rad-dino,UNI,CheXagent",concat,0,1,0.9508,0.0000,0.9492,0.8404,0.0000
chestmnist,224,"BioMedCLIP,PubMedCLIP,rad-dino,UNI,CheXagent",concat,0,1,0.9509,0.0000,0.9492,0.8404,0.0000
chestmnist,224,"BioMedCLIP,PubMedCLIP,rad-dino,UNI,CheXagent",concat,0,1,0.9508,0.0000,0.9492,0.8404,0.0000
chestmnist,224,"BioMedCLIP,PubMedCLIP,rad-dino,UNI,CheXagent",concat,0,1,0.9508,0.0000,0.9492,0.8394,0.0000
chestmnist,224,"BioMedCLIP,PubMedCLIP,rad-dino,UNI,CheXagent",concat,0,1,0.9508,0.0000,0.9492,0.8404,0.0000
chestmnist,224,"BioMedCLIP,PubMedCLIP,rad-dino,UNI,CheXagent",concat,0,1,0.9508,0.0000,0.9492,0.8394,0.0000
chestmnist,224,"BioMedCLIP,PubMedCLIP,rad-dino,UNI,CheXagent",concat,0,1,0.9508,0.0000,0.9492,0.8404,0.0000
chestmnist,224,"BioMedCLIP,PubMedCLIP,rad-dino,UNI,CheXagent",concat,0,1,0.9508,0.0000,0.9492,0.8404,0.0000
chestmnist,224,"BioMedCLIP,PubMedCLIP,rad-dino,UNI,CheXagent",concat,0,1,0.9507,0.0000,0.9491,0.8396,0.0000
chestmnist,224,"BioMedCLIP,PubMedCLIP,rad-dino,UNI,CheXagent",concat,0,1,0.9509,0.0000,0.9492,0.8404,0.0000
chestmnist,224,"BioMedCLIP,PubMedCLIP,rad-dino,UNI,CheXagent",concat,0,1,0.9508,0.0000,0.9492,0.8404,0.0000
chestmnist,224,"BioMedCLIP,PubMedCLIP,rad-dino,UNI,CheXagent",concat,0,1,0.9509,0.0000,0.9492,0.8404,0.0000
chestmnist,224,"BioMedCLIP,PubMedCLIP,rad-dino,UNI,CheXagent",concat,0,1,0.9508,0.0000,0.9492,0.8404,0.0000
chestmnist,224,"BioMedCLIP,PubMedCLIP,rad-dino,UNI,CheXagent",concat,0,1,0.9508,0.0000,0.9492,0.8404,0.0000
chestmnist,224,"BioMedCLIP,PubMedCLIP,rad-dino,UNI,CheXagent",concat,0,1,0.9508,0.0000,0.9492,0.8404,0.0000
chestmnist,224,"PubMedCLIP,rad-dino,CheXagent",self_attention,0,1,0.9499,0.0000,0.9480,0.8075,0.0000
chestmnist,224,"PubMedCLIP,rad-dino,CheXagent",self_attention,0,1,0.9503,0.0000,0.9488,0.8309,0.0000
chestmnist,224,"PubMedCLIP,rad-dino,CheXagent",self_attention,0,1,0.9496,0.0000,0.9479,0.8116,0.0000
chestmnist,224,"PubMedCLIP,rad-dino,CheXagent",self_attention,0,1,0.9503,0.0000,0.9488,0.8303,0.0000
chestmnist,224,"PubMedCLIP,rad-dino,CheXagent",self_attention,0,1,0.9503,0.0000,0.9488,0.8309,0.0000
chestmnist,224,"PubMedCLIP,rad-dino,CheXagent",self_attention,0,1,0.9501,0.0000,0.9487,0.8204,0.0000
chestmnist,224,"PubMedCLIP,rad-dino,CheXagent",self_attention,0,1,0.9503,0.0000,0.9488,0.8309,0.0000
chestmnist,224,"PubMedCLIP,rad-dino,CheXagent",self_attention,0,1,0.9503,0.0000,0.9488,0.8309,0.0000
chestmnist,224,"PubMedCLIP,rad-dino,CheXagent",self_attention,0,1,0.9503,0.0000,0.9488,0.8303,0.0000
chestmnist,224,"PubMedCLIP,rad-dino,CheXagent",self_attention,0,1,0.9500,0.0000,0.9485,0.8239,0.0000
chestmnist,224,"PubMedCLIP,rad-dino,CheXagent",self_attention,0,1,0.9503,0.0000,0.9488,0.8309,0.0000
chestmnist,224,"PubMedCLIP,rad-dino,CheXagent",self_attention,0,1,0.9503,0.0000,0.9488,0.8309,0.0000
chestmnist,224,"PubMedCLIP,rad-dino,CheXagent",self_attention,0,1,0.9501,0.0000,0.9485,0.8269,0.0000
chestmnist,224,"PubMedCLIP,rad-dino,CheXagent",self_attention,0,1,0.9503,0.0000,0.9488,0.8309,0.0000
chestmnist,224,"PubMedCLIP,rad-dino,CheXagent",self_attention,0,1,0.9503,0.0000,0.9488,0.8309,0.0000
chestmnist,224,"PubMedCLIP,rad-dino,CheXagent",self_attention,0,1,0.9503,0.0000,0.9488,0.8309,0.0000
chestmnist,224,"PubMedCLIP,rad-dino,CheXagent",self_attention,0,1,0.9503,0.0000,0.9488,0.8309,0.0000
chestmnist,224,"PubMedCLIP,rad-dino,CheXagent",self_attention,0,1,0.9503,0.0000,0.9486,0.8279,0.0000
chestmnist,224,"PubMedCLIP,rad-dino,CheXagent",self_attention,0,1,0.9503,0.0000,0.9488,0.8309,0.0000
chestmnist,224,"PubMedCLIP,rad-dino,CheXagent",self_attention,0,1,0.9503,0.0000,0.9488,0.8309,0.0000
chestmnist,224,"PubMedCLIP,rad-dino,CheXagent",self_attention,0,1,0.9503,0.0000,0.9488,0.8309,0.0000
chestmnist,224,"PubMedCLIP,rad-dino,CheXagent",self_attention,0,1,0.9503,0.0000,0.9488,0.8309,0.0000
chestmnist,224,"PubMedCLIP,rad-dino,CheXagent",self_attention,0,1,0.9503,0.0000,0.9488,0.8309,0.0000
chestmnist,224,"PubMedCLIP,rad-dino,CheXagent",self_attention,0,1,0.9503,0.0000,0.9488,0.8303,0.0000
chestmnist,224,"PubMedCLIP,rad-dino,CheXagent",self_attention,0,1,0.9503,0.0000,0.9488,0.8309,0.0000
chestmnist,224,"PubMedCLIP,rad-dino,CheXagent",self_attention,0,1,0.9503,0.0000,0.9488,0.8309,0.0000
chestmnist,224,"PubMedCLIP,rad-dino,CheXagent",self_attention,0,1,0.9503,0.0000,0.9488,0.8309,0.0000
chestmnist,224,"PubMedCLIP,rad-dino,CheXagent",self_attention,0,1,0.9503,0.0000,0.9488,0.8309,0.0000
chestmnist,224,"PubMedCLIP,rad-dino,CheXagent",self_attention,0,1,0.9503,0.0000,0.9488,0.8309,0.0000
chestmnist,224,"PubMedCLIP,rad-dino,CheXagent",self_attention,0,1,0.9503,0.0000,0.9488,0.8309,0.0000
chestmnist,224,"PubMedCLIP,rad-dino,CheXagent",self_attention,0,1,0.9503,0.0000,0.9488,0.8309,0.0000
chestmnist,224,"PubMedCLIP,rad-dino,CheXagent",self_attention,0,1,0.9503,0.0000,0.9488,0.8309,0.0000
chestmnist,224,"PubMedCLIP,rad-dino,CheXagent",self_attention,0,1,0.9503,0.0000,0.9486,0.8279,0.0000
chestmnist,224,"PubMedCLIP,rad-dino,CheXagent",self_attention,0,1,0.9503,0.0000,0.9488,0.8309,0.0000
chestmnist,224,"PubMedCLIP,rad-dino,CheXagent",self_attention,0,1,0.9503,0.0000,0.9488,0.8309,0.0000
chestmnist,224,"PubMedCLIP,rad-dino,CheXagent",self_attention,0,1,0.9503,0.0000,0.9488,0.8309,0.0000
chestmnist,224,"PubMedCLIP,rad-dino,CheXagent",self_attention,0,1,0.9503,0.0000,0.9488,0.8309,0.0000
chestmnist,224,"PubMedCLIP,rad-dino,CheXagent",self_attention,0,1,0.9503,0.0000,0.9488,0.8309,0.0000
chestmnist,224,"PubMedCLIP,rad-dino,CheXagent",self_attention,0,1,0.9503,0.0000,0.9486,0.8279,0.0000
chestmnist,224,"PubMedCLIP,rad-dino,CheXagent",self_attention,0,1,0.9503,0.0000,0.9488,0.8309,0.0000
chestmnist,224,"PubMedCLIP,rad-dino,CheXagent",self_attention,0,1,0.9503,0.0000,0.9488,0.8309,0.0000
chestmnist,224,"PubMedCLIP,rad-dino,CheXagent",self_attention,0,1,0.9503,0.0000,0.9488,0.8309,0.0000
chestmnist,224,"PubMedCLIP,rad-dino,CheXagent",self_attention,0,1,0.9503,0.0000,0.9488,0.8309,0.0000
chestmnist,224,"PubMedCLIP,rad-dino,CheXagent",self_attention,0,1,0.9503,0.0000,0.9486,0.8279,0.0000
chestmnist,224,"PubMedCLIP,rad-dino,CheXagent",self_attention,0,1,0.9503,0.0000,0.9488,0.8309,0.0000
chestmnist,224,"PubMedCLIP,rad-dino,CheXagent",self_attention,0,1,0.9503,0.0000,0.9488,0.8309,0.0000
chestmnist,224,"PubMedCLIP,rad-dino,CheXagent",self_attention,0,1,0.9503,0.0000,0.9488,0.8309,0.0000
chestmnist,224,"PubMedCLIP,rad-dino,CheXagent",self_attention,0,1,0.9503,0.0000,0.9488,0.8309,0.0000
chestmnist,224,"PubMedCLIP,rad-dino,CheXagent",self_attention,0,1,0.9503,0.0000,0.9488,0.8309,0.0000
chestmnist,224,"PubMedCLIP,rad-dino,CheXagent",self_attention,0,1,0.9503,0.0000,0.9488,0.8309,0.0000
chestmnist,224,"PubMedCLIP,rad-dino,CheXagent",self_attention,0,1,0.9503,0.0000,0.9488,0.8309,0.0000
chestmnist,224,"PubMedCLIP,rad-dino,CheXagent",self_attention,0,1,0.9503,0.0000,0.9488,0.8309,0.0000
chestmnist,224,"PubMedCLIP,rad-dino,CheXagent",self_attention,0,1,0.9503,0.0000,0.9488,0.8309,0.0000
chestmnist,224,"PubMedCLIP,rad-dino,CheXagent",self_attention,0,1,0.9503,0.0000,0.9488,0.8309,0.0000
chestmnist,224,"PubMedCLIP,rad-dino,CheXagent",self_attention,0,1,0.9503,0.0000,0.9488,0.8309,0.0000
chestmnist,224,"PubMedCLIP,rad-dino,CheXagent",self_attention,0,1,0.9503,0.0000,0.9488,0.8309,0.0000
chestmnist,224,"PubMedCLIP,rad-dino,CheXagent",self_attention,0,1,0.9503,0.0000,0.9488,0.8309,0.0000
chestmnist,224,"PubMedCLIP,rad-dino,CheXagent",self_attention,0,1,0.9503,0.0000,0.9486,0.8279,0.0000
chestmnist,224,"PubMedCLIP,rad-dino,CheXagent",self_attention,0,1,0.9503,0.0000,0.9488,0.8309,0.0000
chestmnist,224,"PubMedCLIP,rad-dino,CheXagent",self_attention,0,1,0.9503,0.0000,0.9488,0.8309,0.0000
chestmnist,224,"PubMedCLIP,rad-dino,CheXagent",self_attention,0,1,0.9503,0.0000,0.9488,0.8309,0.0000
chestmnist,224,"PubMedCLIP,rad-dino,CheXagent",self_attention,0,1,0.9503,0.0000,0.9488,0.8309,0.0000
chestmnist,224,"PubMedCLIP,rad-dino,CheXagent",self_attention,0,1,0.9503,0.0000,0.9488,0.8309,0.0000
chestmnist,224,"PubMedCLIP,rad-dino,CheXagent",self_attention,0,1,0.9503,0.0000,0.9488,0.8309,0.0000
chestmnist,224,"PubMedCLIP,rad-dino,CheXagent",self_attention,0,1,0.9503,0.0000,0.9488,0.8303,0.0000
chestmnist,224,"PubMedCLIP,rad-dino,CheXagent",self_attention,0,1,0.9503,0.0000,0.9488,0.8309,0.0000
chestmnist,224,"PubMedCLIP,rad-dino,CheXagent",self_attention,0,1,0.9503,0.0000,0.9488,0.8309,0.0000
chestmnist,224,"PubMedCLIP,rad-dino,CheXagent",self_attention,0,1,0.9503,0.0000,0.9488,0.8309,0.0000
chestmnist,224,"PubMedCLIP,rad-dino,CheXagent",self_attention,0,1,0.9503,0.0000,0.9488,0.8309,0.0000
chestmnist,224,"PubMedCLIP,rad-dino,CheXagent",self_attention,0,1,0.9503,0.0000,0.9488,0.8309,0.0000
chestmnist,224,"PubMedCLIP,rad-dino,CheXagent",self_attention,0,1,0.9503,0.0000,0.9486,0.8279,0.0000
chestmnist,224,"PubMedCLIP,rad-dino,CheXagent",self_attention,0,1,0.9503,0.0000,0.9488,0.8309,0.0000
chestmnist,224,"PubMedCLIP,rad-dino,CheXagent",self_attention,0,1,0.9503,0.0000,0.9488,0.8309,0.0000
chestmnist,224,"PubMedCLIP,rad-dino,CheXagent",self_attention,0,1,0.9503,0.0000,0.9488,0.8309,0.0000
chestmnist,224,"PubMedCLIP,rad-dino,CheXagent",self_attention,0,1,0.9503,0.0000,0.9488,0.8309,0.0000
chestmnist,224,"PubMedCLIP,rad-dino,CheXagent",self_attention,0,1,0.9503,0.0000,0.9486,0.8279,0.0000
chestmnist,224,"PubMedCLIP,rad-dino,CheXagent",self_attention,0,1,0.9503,0.0000,0.9488,0.8309,0.0000
chestmnist,224,"PubMedCLIP,rad-dino,CheXagent",self_attention,0,1,0.9503,0.0000,0.9488,0.8309,0.0000
chestmnist,224,"PubMedCLIP,rad-dino,CheXagent",self_attention,0,1,0.9503,0.0000,0.9488,0.8309,0.0000
chestmnist,224,"PubMedCLIP,rad-dino,CheXagent",self_attention,0,1,0.9503,0.0000,0.9488,0.8309,0.0000
chestmnist,224,"PubMedCLIP,rad-dino,CheXagent",self_attention,0,1,0.9503,0.0000,0.9488,0.8309,0.0000
chestmnist,224,"PubMedCLIP,rad-dino,CheXagent",self_attention,0,1,0.9503,0.0000,0.9488,0.8309,0.0000
chestmnist,224,"PubMedCLIP,rad-dino,CheXagent",self_attention,0,1,0.9503,0.0000,0.9488,0.8309,0.0000
chestmnist,224,"PubMedCLIP,rad-dino,CheXagent",self_attention,0,1,0.9503,0.0000,0.9488,0.8309,0.0000
chestmnist,224,"PubMedCLIP,rad-dino,CheXagent",self_attention,0,1,0.9503,0.0000,0.9488,0.8309,0.0000
chestmnist,224,"PubMedCLIP,rad-dino,CheXagent",self_attention,0,1,0.9503,0.0000,0.9488,0.8309,0.0000
chestmnist,224,"PubMedCLIP,rad-dino,CheXagent",self_attention,0,1,0.9503,0.0000,0.9486,0.8279,0.0000
chestmnist,224,"PubMedCLIP,rad-dino,CheXagent",self_attention,0,1,0.9503,0.0000,0.9488,0.8309,0.0000
chestmnist,224,"PubMedCLIP,rad-dino,CheXagent",self_attention,0,1,0.9503,0.0000,0.9488,0.8309,0.0000
chestmnist,224,"PubMedCLIP,rad-dino,CheXagent",self_attention,0,1,0.9503,0.0000,0.9488,0.8309,0.0000
chestmnist,224,"PubMedCLIP,rad-dino,CheXagent",self_attention,0,1,0.9503,0.0000,0.9488,0.8309,0.0000
chestmnist,224,"PubMedCLIP,rad-dino,CheXagent",self_attention,0,1,0.9503,0.0000,0.9488,0.8309,0.0000
chestmnist,224,"PubMedCLIP,rad-dino,CheXagent",self_attention,0,1,0.9503,0.0000,0.9488,0.8309,0.0000
chestmnist,224,"PubMedCLIP,rad-dino,CheXagent",self_attention,0,1,0.9503,0.0000,0.9488,0.8309,0.0000
chestmnist,224,"PubMedCLIP,rad-dino,CheXagent",self_attention,0,1,0.9503,0.0000,0.9488,0.8309,0.0000
chestmnist,224,"PubMedCLIP,rad-dino,CheXagent",self_attention,0,1,0.9503,0.0000,0.9488,0.8309,0.0000
chestmnist,224,"PubMedCLIP,rad-dino,CheXagent",self_attention,0,1,0.9503,0.0000,0.9488,0.8309,0.0000
chestmnist,224,"PubMedCLIP,rad-dino,CheXagent",self_attention,0,1,0.9503,0.0000,0.9488,0.8309,0.0000
chestmnist,224,"PubMedCLIP,rad-dino,CheXagent",self_attention,0,1,0.9503,0.0000,0.9488,0.8309,0.0000
chestmnist,224,"PubMedCLIP,rad-dino,CheXagent",self_attention,0,1,0.9503,0.0000,0.9488,0.8309,0.0000
chestmnist,224,CheXagent,concat,0,1,0.9501,0.0000,0.9489,0.8299,0.0000
chestmnist,224,CheXagent,concat,0,1,0.9499,0.0000,0.9485,0.8280,0.0000
chestmnist,224,CheXagent,concat,0,1,0.9496,0.0000,0.9483,0.8180,0.0000
chestmnist,224,CheXagent,concat,0,1,0.9497,0.0000,0.9481,0.8098,0.0000
chestmnist,224,CheXagent,concat,0,1,0.9497,0.0000,0.9481,0.8098,0.0000
chestmnist,224,CheXagent,concat,0,1,0.9498,0.0000,0.9482,0.8099,0.0000
chestmnist,224,CheXagent,concat,0,1,0.9498,0.0000,0.9486,0.8255,0.0000
chestmnist,224,CheXagent,concat,0,1,0.9497,0.0000,0.9481,0.8208,0.0000
chestmnist,224,CheXagent,concat,0,1,0.9492,0.0000,0.9477,0.8094,0.0000
chestmnist,224,CheXagent,concat,0,1,0.9495,0.0000,0.9481,0.8181,0.0000
chestmnist,224,CheXagent,concat,0,1,0.9494,0.0000,0.9477,0.8054,0.0000
chestmnist,224,CheXagent,concat,0,1,0.9504,0.0000,0.9488,0.8296,0.0000
chestmnist,224,CheXagent,concat,0,1,0.9499,0.0000,0.9485,0.8280,0.0000
chestmnist,224,CheXagent,concat,0,1,0.9504,0.0000,0.9488,0.8296,0.0000
chestmnist,224,CheXagent,concat,0,1,0.9504,0.0000,0.9489,0.8325,0.0000
chestmnist,224,CheXagent,concat,0,1,0.9504,0.0000,0.9488,0.8296,0.0000
chestmnist,224,CheXagent,concat,0,1,0.9500,0.0000,0.9487,0.8214,0.0000
chestmnist,224,CheXagent,concat,0,1,0.9494,0.0000,0.9477,0.8054,0.0000
chestmnist,224,CheXagent,concat,0,1,0.9504,0.0000,0.9488,0.8327,0.0000
chestmnist,224,CheXagent,concat,0,1,0.9505,0.0000,0.9490,0.8340,0.0000
chestmnist,224,CheXagent,concat,0,1,0.9503,0.0000,0.9489,0.8313,0.0000
chestmnist,224,CheXagent,concat,0,1,0.9501,0.0000,0.9489,0.8299,0.0000
chestmnist,224,CheXagent,concat,0,1,0.9504,0.0000,0.9488,0.8296,0.0000
chestmnist,224,CheXagent,concat,0,1,0.9505,0.0000,0.9490,0.8340,0.0000
chestmnist,224,CheXagent,concat,0,1,0.9504,0.0000,0.9488,0.8296,0.0000
chestmnist,224,CheXagent,concat,0,1,0.9504,0.0000,0.9489,0.8325,0.0000
chestmnist,224,CheXagent,concat,0,1,0.9497,0.0000,0.9481,0.8208,0.0000
chestmnist,224,CheXagent,concat,0,1,0.9502,0.0000,0.9489,0.8310,0.0000
chestmnist,224,CheXagent,concat,0,1,0.9504,0.0000,0.9490,0.8342,0.0000
chestmnist,224,CheXagent,concat,0,1,0.9499,0.0000,0.9485,0.8280,0.0000
chestmnist,224,CheXagent,concat,0,1,0.9499,0.0000,0.9485,0.8280,0.0000
chestmnist,224,CheXagent,concat,0,1,0.9502,0.0000,0.9487,0.8233,0.0000
chestmnist,224,CheXagent,concat,0,1,0.9502,0.0000,0.9489,0.8310,0.0000
chestmnist,224,CheXagent,concat,0,1,0.9504,0.0000,0.9488,0.8327,0.0000
chestmnist,224,CheXagent,concat,0,1,0.9503,0.0000,0.9489,0.8348,0.0000
chestmnist,224,CheXagent,concat,0,1,0.9494,0.0000,0.9477,0.8054,0.0000
chestmnist,224,CheXagent,concat,0,1,0.9505,0.0000,0.9490,0.8340,0.0000
chestmnist,224,CheXagent,concat,0,1,0.9504,0.0000,0.9487,0.8290,0.0000
chestmnist,224,CheXagent,concat,0,1,0.9503,0.0000,0.9487,0.8277,0.0000
chestmnist,224,CheXagent,concat,0,1,0.9504,0.0000,0.9489,0.8325,0.0000
chestmnist,224,CheXagent,concat,0,1,0.9505,0.0000,0.9490,0.8348,0.0000
chestmnist,224,CheXagent,concat,0,1,0.9505,0.0000,0.9490,0.8348,0.0000
chestmnist,224,CheXagent,concat,0,1,0.9504,0.0000,0.9490,0.8348,0.0000
chestmnist,224,CheXagent,concat,0,1,0.9504,0.0000,0.9490,0.8348,0.0000
chestmnist,224,CheXagent,concat,0,1,0.9503,0.0000,0.9487,0.8277,0.0000
chestmnist,224,CheXagent,concat,0,1,0.9504,0.0000,0.9490,0.8342,0.0000
chestmnist,224,CheXagent,concat,0,1,0.9504,0.0000,0.9490,0.8348,0.0000
chestmnist,224,CheXagent,concat,0,1,0.9504,0.0000,0.9490,0.8348,0.0000
chestmnist,224,CheXagent,concat,0,1,0.9504,0.0000,0.9490,0.8348,0.0000
chestmnist,224,CheXagent,concat,0,1,0.9504,0.0000,0.9489,0.8325,0.0000
chestmnist,224,CheXagent,concat,0,1,0.9505,0.0000,0.9490,0.8348,0.0000
chestmnist,224,CheXagent,concat,0,1,0.9503,0.0000,0.9489,0.8313,0.0000
chestmnist,224,CheXagent,concat,0,1,0.9505,0.0000,0.9490,0.8348,0.0000
chestmnist,224,CheXagent,concat,0,1,0.9503,0.0000,0.9489,0.8313,0.0000
chestmnist,224,CheXagent,concat,0,1,0.9504,0.0000,0.9490,0.8348,0.0000
chestmnist,224,CheXagent,concat,0,1,0.9504,0.0000,0.9489,0.8325,0.0000
chestmnist,224,CheXagent,concat,0,1,0.9504,0.0000,0.9490,0.8348,0.0000
chestmnist,224,CheXagent,concat,0,1,0.9505,0.0000,0.9490,0.8340,0.0000
chestmnist,224,CheXagent,concat,0,1,0.9504,0.0000,0.9490,0.8348,0.0000
chestmnist,224,CheXagent,concat,0,1,0.9503,0.0000,0.9489,0.8313,0.0000
chestmnist,224,CheXagent,concat,0,1,0.9504,0.0000,0.9490,0.8348,0.0000
chestmnist,224,CheXagent,concat,0,1,0.9504,0.0000,0.9490,0.8348,0.0000
chestmnist,224,CheXagent,concat,0,1,0.9502,0.0000,0.9489,0.8310,0.0000
chestmnist,224,CheXagent,concat,0,1,0.9505,0.0000,0.9490,0.8348,0.0000
chestmnist,224,CheXagent,concat,0,1,0.9505,0.0000,0.9490,0.8340,0.0000
chestmnist,224,CheXagent,concat,0,1,0.9504,0.0000,0.9490,0.8335,0.0000
chestmnist,224,CheXagent,concat,0,1,0.9504,0.0000,0.9490,0.8348,0.0000
chestmnist,224,CheXagent,concat,0,1,0.9504,0.0000,0.9490,0.8348,0.0000
chestmnist,224,CheXagent,concat,0,1,0.9505,0.0000,0.9490,0.8340,0.0000
chestmnist,224,CheXagent,concat,0,1,0.9502,0.0000,0.9489,0.8310,0.0000
chestmnist,224,CheXagent,concat,0,1,0.9500,0.0000,0.9487,0.8214,0.0000
chestmnist,224,CheXagent,concat,0,1,0.9504,0.0000,0.9490,0.8348,0.0000
chestmnist,224,CheXagent,concat,0,1,0.9504,0.0000,0.9489,0.8325,0.0000
chestmnist,224,CheXagent,concat,0,1,0.9503,0.0000,0.9489,0.8313,0.0000
chestmnist,224,CheXagent,concat,0,1,0.9504,0.0000,0.9490,0.8348,0.0000
chestmnist,224,CheXagent,concat,0,1,0.9505,0.0000,0.9490,0.8348,0.0000
chestmnist,224,CheXagent,concat,0,1,0.9504,0.0000,0.9490,0.8348,0.0000
chestmnist,224,CheXagent,concat,0,1,0.9504,0.0000,0.9490,0.8348,0.0000
chestmnist,224,CheXagent,concat,0,1,0.9504,0.0000,0.9489,0.8325,0.0000
chestmnist,224,CheXagent,concat,0,1,0.9504,0.0000,0.9490,0.8348,0.0000
chestmnist,224,CheXagent,concat,0,1,0.9504,0.0000,0.9490,0.8348,0.0000
chestmnist,224,CheXagent,concat,0,1,0.9505,0.0000,0.9490,0.8348,0.0000
chestmnist,224,CheXagent,concat,0,1,0.9505,0.0000,0.9490,0.8348,0.0000
chestmnist,224,CheXagent,concat,0,1,0.9504,0.0000,0.9489,0.8325,0.0000
chestmnist,224,CheXagent,concat,0,1,0.9504,0.0000,0.9490,0.8348,0.0000
chestmnist,224,CheXagent,concat,0,1,0.9505,0.0000,0.9490,0.8348,0.0000
chestmnist,224,CheXagent,concat,0,1,0.9504,0.0000,0.9490,0.8348,0.0000
chestmnist,224,CheXagent,concat,0,1,0.9504,0.0000,0.9490,0.8348,0.0000
chestmnist,224,CheXagent,concat,0,1,0.9504,0.0000,0.9490,0.8348,0.0000
chestmnist,224,CheXagent,concat,0,1,0.9504,0.0000,0.9490,0.8348,0.0000
chestmnist,224,CheXagent,concat,0,1,0.9502,0.0000,0.9489,0.8310,0.0000
chestmnist,224,CheXagent,concat,0,1,0.9505,0.0000,0.9490,0.8348,0.0000
chestmnist,224,CheXagent,concat,0,1,0.9504,0.0000,0.9490,0.8348,0.0000
chestmnist,224,CheXagent,concat,0,1,0.9504,0.0000,0.9490,0.8348,0.0000
chestmnist,224,CheXagent,concat,0,1,0.9502,0.0000,0.9489,0.8310,0.0000
chestmnist,224,CheXagent,concat,0,1,0.9504,0.0000,0.9490,0.8348,0.0000
chestmnist,224,CheXagent,concat,0,1,0.9502,0.0000,0.9489,0.8310,0.0000
chestmnist,224,CheXagent,concat,0,1,0.9504,0.0000,0.9490,0.8348,0.0000
chestmnist,224,CheXagent,concat,0,1,0.9504,0.0000,0.9490,0.8348,0.0000
chestmnist,224,CheXagent,concat,0,1,0.9502,0.0000,0.9489,0.8310,0.0000
